InvoiceDate,Product,UnitPrice,Quantity,Country
2023-01-01,Milk,6.58,7,USA
2023-01-02,Milk,6.24,10,USA
2023-01-03,Milk,6.66,6,USA
2023-01-04,Milk,6.68,13,USA
2023-01-05,Milk,6.57,19,USA
2023-01-06,Milk,6.46,1,USA
2023-01-07,Milk,6.68,16,USA
2023-01-08,Milk,6.46,13,USA
2023-01-09,Milk,5.99,14,USA
2023-01-10,Milk,6.63,14,USA
2023-01-11,Milk,6.15,19,USA
2023-01-12,Milk,6.71,2,USA
2023-01-13,Milk,6.52,16,USA
2023-01-14,Milk,6.42,9,USA
2023-01-15,Milk,6.78,5,USA
2023-01-16,Milk,6.4,10,USA
2023-01-17,Milk,6.49,9,USA
2023-01-18,Milk,6.62,5,USA
2023-01-19,Milk,6.31,1,USA
2023-01-20,Milk,6.54,14,USA
2023-01-21,Milk,6.66,4,USA
2023-01-22,Milk,5.95,13,USA
2023-01-23,Milk,6.66,13,USA
2023-01-24,Milk,6.81,18,USA
2023-01-25,Milk,6.51,12,USA
2023-01-26,Milk,6.46,3,USA
2023-01-27,Milk,6.93,5,USA
2023-01-28,Milk,6.15,6,USA
2023-01-29,Milk,6.68,10,USA
2023-01-30,Milk,6.04,11,USA
2023-01-31,Milk,6.2,17,USA
2023-02-01,Milk,6.63,15,USA
2023-02-02,Milk,7.01,3,USA
2023-02-03,Milk,6.32,6,USA
2023-02-04,Milk,7.36,11,USA
2023-02-05,Milk,6.81,1,USA
2023-02-06,Milk,6.02,1,USA
2023-02-07,Milk,7.15,19,USA
2023-02-08,Milk,6.63,13,USA
2023-02-09,Milk,6.31,7,USA
2023-02-10,Milk,6.89,11,USA
2023-02-11,Milk,6.72,18,USA
2023-02-12,Milk,7.2,13,USA
2023-02-13,Milk,6.87,8,USA
2023-02-14,Milk,7.14,19,USA
2023-02-15,Milk,6.6,8,USA
2023-02-16,Milk,6.73,16,USA
2023-02-17,Milk,7.23,15,USA
2023-02-18,Milk,7.1,16,USA
2023-02-19,Milk,6.43,9,USA
2023-02-20,Milk,6.76,10,USA
2023-02-21,Milk,6.36,13,USA
2023-02-22,Milk,7.16,5,USA
2023-02-23,Milk,6.72,9,USA
2023-02-24,Milk,6.93,12,USA
2023-02-25,Milk,6.59,15,USA
2023-02-26,Milk,6.6,5,USA
2023-02-27,Milk,6.74,7,USA
2023-02-28,Milk,7.17,12,USA
2023-03-01,Milk,5.95,3,USA
2023-03-02,Milk,6.31,13,USA
2023-03-03,Milk,6.95,7,USA
2023-03-04,Milk,6.39,15,USA
2023-03-05,Milk,7.15,9,USA
2023-03-06,Milk,6.73,5,USA
2023-03-07,Milk,6.72,12,USA
2023-03-08,Milk,7.21,4,USA
2023-03-09,Milk,6.69,3,USA
2023-03-10,Milk,6.98,6,USA
2023-03-11,Milk,6.52,16,USA
2023-03-12,Milk,7.07,17,USA
2023-03-13,Milk,7.21,1,USA
2023-03-14,Milk,6.78,4,USA
2023-03-15,Milk,6.97,4,USA
2023-03-16,Milk,7.35,8,USA
2023-03-17,Milk,7.1,10,USA
2023-03-18,Milk,6.79,9,USA
2023-03-19,Milk,6.91,8,USA
2023-03-20,Milk,6.84,5,USA
2023-03-21,Milk,7.01,2,USA
2023-03-22,Milk,6.78,2,USA
2023-03-23,Milk,6.81,19,USA
2023-03-24,Milk,6.7,12,USA
2023-03-25,Milk,7.07,13,USA
2023-03-26,Milk,6.89,18,USA
2023-03-27,Milk,7.07,10,USA
2023-03-28,Milk,7.05,14,USA
2023-03-29,Milk,7.02,12,USA
2023-03-30,Milk,7.61,6,USA
2023-03-31,Milk,7.24,9,USA
2023-04-01,Milk,7.25,11,USA
2023-04-02,Milk,6.67,1,USA
2023-04-03,Milk,6.67,2,USA
2023-04-04,Milk,7.16,17,USA
2023-04-05,Milk,7.12,3,USA
2023-04-06,Milk,7.63,6,USA
2023-04-07,Milk,7.55,10,USA
2023-04-08,Milk,7.18,13,USA
2023-04-09,Milk,7.08,7,USA
2023-04-10,Milk,7.16,1,USA
2023-04-11,Milk,6.83,13,USA
2023-04-12,Milk,6.98,8,USA
2023-04-13,Milk,7.28,15,USA
2023-04-14,Milk,7.0,2,USA
2023-04-15,Milk,6.59,15,USA
2023-04-16,Milk,7.01,5,USA
2023-04-17,Milk,7.24,4,USA
2023-04-18,Milk,6.87,13,USA
2023-04-19,Milk,6.81,19,USA
2023-04-20,Milk,7.1,19,USA
2023-04-21,Milk,6.99,11,USA
2023-04-22,Milk,7.3,6,USA
2023-04-23,Milk,7.15,9,USA
2023-04-24,Milk,7.15,15,USA
2023-04-25,Milk,6.79,12,USA
2023-04-26,Milk,7.24,10,USA
2023-04-27,Milk,6.94,7,USA
2023-04-28,Milk,7.12,8,USA
2023-04-29,Milk,6.97,7,USA
2023-04-30,Milk,7.14,1,USA
2023-05-01,Milk,6.9,15,USA
2023-05-02,Milk,6.89,5,USA
2023-05-03,Milk,6.84,10,USA
2023-05-04,Milk,7.4,16,USA
2023-05-05,Milk,7.51,10,USA
2023-05-06,Milk,7.44,2,USA
2023-05-07,Milk,7.55,9,USA
2023-05-08,Milk,6.82,1,USA
2023-05-09,Milk,7.34,1,USA
2023-05-10,Milk,6.73,3,USA
2023-05-11,Milk,7.31,1,USA
2023-05-12,Milk,7.06,10,USA
2023-05-13,Milk,7.26,9,USA
2023-05-14,Milk,7.82,19,USA
2023-05-15,Milk,7.53,4,USA
2023-05-16,Milk,7.19,18,USA
2023-05-17,Milk,6.94,3,USA
2023-05-18,Milk,7.38,8,USA
2023-05-19,Milk,6.97,14,USA
2023-05-20,Milk,6.38,6,USA
2023-05-21,Milk,7.34,1,USA
2023-05-22,Milk,7.48,9,USA
2023-05-23,Milk,7.08,2,USA
2023-05-24,Milk,6.69,18,USA
2023-05-25,Milk,7.12,7,USA
2023-05-26,Milk,7.34,8,USA
2023-05-27,Milk,7.0,15,USA
2023-05-28,Milk,7.18,6,USA
2023-05-29,Milk,7.07,5,USA
2023-05-30,Milk,7.46,3,USA
2023-05-31,Milk,6.98,13,USA
2023-06-01,Milk,7.37,4,USA
2023-06-02,Milk,7.87,11,USA
2023-06-03,Milk,7.75,1,USA
2023-06-04,Milk,7.45,7,USA
2023-06-05,Milk,7.32,13,USA
2023-06-06,Milk,7.03,13,USA
2023-06-07,Milk,7.32,12,USA
2023-06-08,Milk,6.91,16,USA
2023-06-09,Milk,6.74,7,USA
2023-06-10,Milk,7.01,16,USA
2023-06-11,Milk,7.06,2,USA
2023-06-12,Milk,7.71,17,USA
2023-06-13,Milk,7.64,7,USA
2023-06-14,Milk,7.31,11,USA
2023-06-15,Milk,7.24,17,USA
2023-06-16,Milk,7.03,14,USA
2023-06-17,Milk,7.42,4,USA
2023-06-18,Milk,7.66,11,USA
2023-06-19,Milk,6.9,18,USA
2023-06-20,Milk,7.22,5,USA
2023-06-21,Milk,6.9,7,USA
2023-06-22,Milk,7.29,10,USA
2023-06-23,Milk,7.46,14,USA
2023-06-24,Milk,7.13,12,USA
2023-06-25,Milk,7.5,4,USA
2023-06-26,Milk,7.63,9,USA
2023-06-27,Milk,7.41,16,USA
2023-06-28,Milk,7.46,18,USA
2023-06-29,Milk,7.64,18,USA
2023-06-30,Milk,7.1,4,USA
2023-07-01,Milk,7.56,4,USA
2023-07-02,Milk,7.98,6,USA
2023-07-03,Milk,7.01,3,USA
2023-07-04,Milk,7.45,3,USA
2023-07-05,Milk,7.47,5,USA
2023-07-06,Milk,7.26,9,USA
2023-07-07,Milk,7.66,5,USA
2023-07-08,Milk,7.74,17,USA
2023-07-09,Milk,6.91,3,USA
2023-07-10,Milk,7.32,4,USA
2023-07-11,Milk,7.78,8,USA
2023-07-12,Milk,7.06,3,USA
2023-07-13,Milk,8.15,15,USA
2023-07-14,Milk,8.06,17,USA
2023-07-15,Milk,7.14,6,USA
2023-07-16,Milk,7.47,17,USA
2023-07-17,Milk,7.43,12,USA
2023-07-18,Milk,7.61,16,USA
2023-07-19,Milk,7.46,17,USA
2023-07-20,Milk,7.25,1,USA
2023-07-21,Milk,7.49,8,USA
2023-07-22,Milk,7.58,3,USA
2023-07-23,Milk,7.42,16,USA
2023-07-24,Milk,8.0,16,USA
2023-07-25,Milk,7.53,16,USA
2023-07-26,Milk,8.14,12,USA
2023-07-27,Milk,7.69,6,USA
2023-07-28,Milk,8.15,18,USA
2023-07-29,Milk,7.95,9,USA
2023-07-30,Milk,8.01,17,USA
2023-07-31,Milk,7.7,15,USA
2023-08-01,Milk,7.52,2,USA
2023-08-02,Milk,7.12,4,USA
2023-08-03,Milk,7.66,4,USA
2023-08-04,Milk,7.55,14,USA
2023-08-05,Milk,8.12,5,USA
2023-08-06,Milk,7.2,7,USA
2023-08-07,Milk,7.39,6,USA
2023-08-08,Milk,7.46,19,USA
2023-08-09,Milk,7.51,13,USA
2023-08-10,Milk,7.7,1,USA
2023-08-11,Milk,7.82,3,USA
2023-08-12,Milk,7.87,12,USA
2023-08-13,Milk,7.88,19,USA
2023-08-14,Milk,6.97,1,USA
2023-08-15,Milk,7.84,16,USA
2023-08-16,Milk,7.7,8,USA
2023-08-17,Milk,7.56,12,USA
2023-08-18,Milk,7.68,10,USA
2023-08-19,Milk,7.95,18,USA
2023-08-20,Milk,7.72,14,USA
2023-08-21,Milk,8.28,9,USA
2023-08-22,Milk,7.83,16,USA
2023-08-23,Milk,7.21,1,USA
2023-08-24,Milk,7.89,4,USA
2023-08-25,Milk,7.79,13,USA
2023-08-26,Milk,7.06,16,USA
2023-08-27,Milk,8.21,10,USA
2023-08-28,Milk,7.72,12,USA
2023-08-29,Milk,7.9,17,USA
2023-08-30,Milk,7.54,1,USA
2023-08-31,Milk,7.33,8,USA
2023-09-01,Milk,7.14,8,USA
2023-09-02,Milk,7.7,3,USA
2023-09-03,Milk,7.53,15,USA
2023-09-04,Milk,7.44,1,USA
2023-09-05,Milk,8.31,19,USA
2023-09-06,Milk,8.32,18,USA
2023-09-07,Milk,7.89,19,USA
2023-09-08,Milk,7.84,10,USA
2023-09-09,Milk,7.65,10,USA
2023-09-10,Milk,7.47,3,USA
2023-09-11,Milk,7.77,8,USA
2023-09-12,Milk,7.77,8,USA
2023-09-13,Milk,7.97,4,USA
2023-09-14,Milk,7.87,7,USA
2023-09-15,Milk,8.04,10,USA
2023-09-16,Milk,7.89,13,USA
2023-09-17,Milk,8.22,1,USA
2023-09-18,Milk,8.04,5,USA
2023-09-19,Milk,8.23,16,USA
2023-09-20,Milk,7.97,13,USA
2023-09-21,Milk,7.89,3,USA
2023-09-22,Milk,8.14,17,USA
2023-09-23,Milk,8.34,10,USA
2023-09-24,Milk,7.76,13,USA
2023-09-25,Milk,7.9,16,USA
2023-09-26,Milk,7.48,15,USA
2023-09-27,Milk,7.66,11,USA
2023-09-28,Milk,7.71,17,USA
2023-09-29,Milk,7.36,1,USA
2023-09-30,Milk,7.63,13,USA
2023-10-01,Milk,8.11,7,USA
2023-10-02,Milk,8.28,1,USA
2023-10-03,Milk,8.23,12,USA
2023-10-04,Milk,8.44,2,USA
2023-10-05,Milk,8.13,11,USA
2023-10-06,Milk,7.65,3,USA
2023-10-07,Milk,8.17,2,USA
2023-10-08,Milk,7.97,11,USA
2023-10-09,Milk,7.92,2,USA
2023-10-10,Milk,7.86,12,USA
2023-10-11,Milk,7.81,12,USA
2023-10-12,Milk,8.41,5,USA
2023-10-13,Milk,7.79,11,USA
2023-10-14,Milk,8.06,13,USA
2023-10-15,Milk,7.83,15,USA
2023-10-16,Milk,8.09,7,USA
2023-10-17,Milk,7.84,5,USA
2023-10-18,Milk,7.81,14,USA
2023-10-19,Milk,8.36,14,USA
2023-10-20,Milk,7.65,3,USA
2023-10-21,Milk,8.36,9,USA
2023-10-22,Milk,7.92,12,USA
2023-10-23,Milk,8.27,11,USA
2023-10-24,Milk,8.37,9,USA
2023-10-25,Milk,8.34,1,USA
2023-10-26,Milk,7.89,13,USA
2023-10-27,Milk,8.25,12,USA
2023-10-28,Milk,8.28,2,USA
2023-10-29,Milk,8.25,10,USA
2023-10-30,Milk,8.47,5,USA
2023-10-31,Milk,7.8,9,USA
2023-11-01,Milk,7.97,15,USA
2023-11-02,Milk,8.07,7,USA
2023-11-03,Milk,7.62,4,USA
2023-11-04,Milk,8.4,11,USA
2023-11-05,Milk,8.26,14,USA
2023-11-06,Milk,7.44,13,USA
2023-11-07,Milk,8.38,8,USA
2023-11-08,Milk,8.01,6,USA
2023-11-09,Milk,8.33,10,USA
2023-11-10,Milk,8.95,7,USA
2023-11-11,Milk,8.56,14,USA
2023-11-12,Milk,8.12,10,USA
2023-11-13,Milk,8.29,9,USA
2023-11-14,Milk,8.37,10,USA
2023-11-15,Milk,8.09,11,USA
2023-11-16,Milk,8.59,2,USA
2023-11-17,Milk,8.05,7,USA
2023-11-18,Milk,7.93,10,USA
2023-11-19,Milk,8.11,17,USA
2023-11-20,Milk,7.84,8,USA
2023-11-21,Milk,8.71,19,USA
2023-11-22,Milk,8.1,9,USA
2023-11-23,Milk,7.96,17,USA
2023-11-24,Milk,8.1,18,USA
2023-11-25,Milk,8.48,12,USA
2023-11-26,Milk,9.11,15,USA
2023-11-27,Milk,8.29,6,USA
2023-11-28,Milk,8.11,15,USA
2023-11-29,Milk,8.38,18,USA
2023-11-30,Milk,8.49,13,USA
2023-12-01,Milk,8.09,3,USA
2023-12-02,Milk,8.39,13,USA
2023-12-03,Milk,8.48,7,USA
2023-12-04,Milk,8.11,18,USA
2023-12-05,Milk,8.28,18,USA
2023-12-06,Milk,8.44,10,USA
2023-12-07,Milk,8.71,11,USA
2023-12-08,Milk,8.98,11,USA
2023-12-09,Milk,8.71,7,USA
2023-12-10,Milk,8.2,9,USA
2023-12-11,Milk,8.83,1,USA
2023-12-12,Milk,8.6,3,USA
2023-12-13,Milk,8.17,9,USA
2023-12-14,Milk,8.63,5,USA
2023-12-15,Milk,8.13,5,USA
2023-12-16,Milk,8.69,15,USA
2023-12-17,Milk,8.62,16,USA
2023-12-18,Milk,8.46,13,USA
2023-12-19,Milk,7.91,16,USA
2023-12-20,Milk,8.32,9,USA
2023-12-21,Milk,8.35,13,USA
2023-12-22,Milk,8.78,10,USA
2023-12-23,Milk,8.85,12,USA
2023-12-24,Milk,8.11,15,USA
2023-12-25,Milk,8.77,7,USA
2023-12-26,Milk,8.92,10,USA
2023-12-27,Milk,8.58,19,USA
2023-12-28,Milk,8.04,10,USA
2023-12-29,Milk,8.45,14,USA
2023-12-30,Milk,8.85,8,USA
2023-12-31,Milk,8.1,2,USA
2023-01-01,Eggs,8.36,8,USA
2023-01-02,Eggs,8.26,9,USA
2023-01-03,Eggs,8.2,10,USA
2023-01-04,Eggs,7.75,11,USA
2023-01-05,Eggs,7.98,12,USA
2023-01-06,Eggs,7.31,13,USA
2023-01-07,Eggs,7.81,5,USA
2023-01-08,Eggs,8.09,12,USA
2023-01-09,Eggs,8.17,6,USA
2023-01-10,Eggs,8.54,10,USA
2023-01-11,Eggs,7.82,13,USA
2023-01-12,Eggs,8.18,9,USA
2023-01-13,Eggs,8.77,15,USA
2023-01-14,Eggs,8.18,18,USA
2023-01-15,Eggs,7.94,14,USA
2023-01-16,Eggs,8.32,11,USA
2023-01-17,Eggs,7.79,19,USA
2023-01-18,Eggs,8.26,15,USA
2023-01-19,Eggs,8.19,11,USA
2023-01-20,Eggs,8.53,5,USA
2023-01-21,Eggs,7.82,3,USA
2023-01-22,Eggs,8.17,14,USA
2023-01-23,Eggs,7.81,3,USA
2023-01-24,Eggs,8.49,18,USA
2023-01-25,Eggs,7.95,18,USA
2023-01-26,Eggs,8.26,17,USA
2023-01-27,Eggs,8.1,7,USA
2023-01-28,Eggs,8.41,13,USA
2023-01-29,Eggs,7.52,17,USA
2023-01-30,Eggs,8.12,3,USA
2023-01-31,Eggs,8.3,1,USA
2023-02-01,Eggs,8.22,14,USA
2023-02-02,Eggs,8.5,14,USA
2023-02-03,Eggs,8.17,2,USA
2023-02-04,Eggs,8.44,12,USA
2023-02-05,Eggs,8.41,5,USA
2023-02-06,Eggs,8.1,2,USA
2023-02-07,Eggs,8.11,6,USA
2023-02-08,Eggs,8.44,15,USA
2023-02-09,Eggs,8.28,7,USA
2023-02-10,Eggs,8.34,10,USA
2023-02-11,Eggs,8.58,4,USA
2023-02-12,Eggs,8.04,14,USA
2023-02-13,Eggs,8.79,14,USA
2023-02-14,Eggs,7.92,16,USA
2023-02-15,Eggs,8.48,8,USA
2023-02-16,Eggs,8.45,5,USA
2023-02-17,Eggs,8.47,9,USA
2023-02-18,Eggs,8.63,5,USA
2023-02-19,Eggs,8.2,8,USA
2023-02-20,Eggs,8.4,13,USA
2023-02-21,Eggs,8.58,14,USA
2023-02-22,Eggs,8.19,8,USA
2023-02-23,Eggs,8.95,9,USA
2023-02-24,Eggs,7.83,12,USA
2023-02-25,Eggs,8.32,9,USA
2023-02-26,Eggs,8.06,2,USA
2023-02-27,Eggs,7.89,14,USA
2023-02-28,Eggs,8.62,11,USA
2023-03-01,Eggs,8.47,11,USA
2023-03-02,Eggs,8.6,17,USA
2023-03-03,Eggs,8.67,2,USA
2023-03-04,Eggs,8.8,12,USA
2023-03-05,Eggs,8.43,19,USA
2023-03-06,Eggs,8.65,5,USA
2023-03-07,Eggs,8.14,19,USA
2023-03-08,Eggs,8.35,12,USA
2023-03-09,Eggs,8.33,19,USA
2023-03-10,Eggs,8.46,11,USA
2023-03-11,Eggs,8.44,1,USA
2023-03-12,Eggs,8.09,15,USA
2023-03-13,Eggs,8.76,2,USA
2023-03-14,Eggs,8.81,7,USA
2023-03-15,Eggs,8.86,13,USA
2023-03-16,Eggs,9.32,6,USA
2023-03-17,Eggs,8.36,12,USA
2023-03-18,Eggs,8.76,18,USA
2023-03-19,Eggs,8.37,4,USA
2023-03-20,Eggs,8.72,16,USA
2023-03-21,Eggs,8.48,16,USA
2023-03-22,Eggs,8.33,12,USA
2023-03-23,Eggs,8.19,17,USA
2023-03-24,Eggs,8.67,19,USA
2023-03-25,Eggs,8.58,3,USA
2023-03-26,Eggs,8.49,11,USA
2023-03-27,Eggs,9.26,6,USA
2023-03-28,Eggs,8.46,12,USA
2023-03-29,Eggs,8.71,11,USA
2023-03-30,Eggs,8.24,10,USA
2023-03-31,Eggs,8.56,10,USA
2023-04-01,Eggs,8.76,8,USA
2023-04-02,Eggs,9.35,1,USA
2023-04-03,Eggs,8.4,4,USA
2023-04-04,Eggs,8.43,5,USA
2023-04-05,Eggs,8.66,9,USA
2023-04-06,Eggs,8.77,13,USA
2023-04-07,Eggs,8.1,17,USA
2023-04-08,Eggs,8.77,1,USA
2023-04-09,Eggs,8.48,9,USA
2023-04-10,Eggs,8.71,15,USA
2023-04-11,Eggs,8.92,14,USA
2023-04-12,Eggs,8.74,15,USA
2023-04-13,Eggs,8.7,1,USA
2023-04-14,Eggs,9.28,14,USA
2023-04-15,Eggs,8.9,5,USA
2023-04-16,Eggs,8.81,16,USA
2023-04-17,Eggs,8.65,7,USA
2023-04-18,Eggs,8.7,1,USA
2023-04-19,Eggs,8.54,12,USA
2023-04-20,Eggs,8.31,19,USA
2023-04-21,Eggs,9.29,6,USA
2023-04-22,Eggs,9.21,11,USA
2023-04-23,Eggs,9.16,14,USA
2023-04-24,Eggs,8.38,19,USA
2023-04-25,Eggs,9.8,1,USA
2023-04-26,Eggs,8.52,14,USA
2023-04-27,Eggs,8.88,8,USA
2023-04-28,Eggs,8.4,5,USA
2023-04-29,Eggs,9.06,3,USA
2023-04-30,Eggs,8.89,12,USA
2023-05-01,Eggs,8.63,14,USA
2023-05-02,Eggs,8.42,15,USA
2023-05-03,Eggs,8.32,8,USA
2023-05-04,Eggs,8.93,15,USA
2023-05-05,Eggs,9.0,7,USA
2023-05-06,Eggs,9.36,10,USA
2023-05-07,Eggs,8.84,16,USA
2023-05-08,Eggs,8.7,11,USA
2023-05-09,Eggs,8.83,1,USA
2023-05-10,Eggs,8.63,9,USA
2023-05-11,Eggs,8.94,7,USA
2023-05-12,Eggs,8.74,17,USA
2023-05-13,Eggs,9.15,8,USA
2023-05-14,Eggs,9.13,2,USA
2023-05-15,Eggs,8.63,1,USA
2023-05-16,Eggs,8.18,5,USA
2023-05-17,Eggs,9.08,14,USA
2023-05-18,Eggs,8.85,6,USA
2023-05-19,Eggs,8.81,19,USA
2023-05-20,Eggs,8.6,18,USA
2023-05-21,Eggs,9.33,10,USA
2023-05-22,Eggs,8.76,19,USA
2023-05-23,Eggs,8.85,12,USA
2023-05-24,Eggs,9.22,5,USA
2023-05-25,Eggs,9.33,16,USA
2023-05-26,Eggs,8.43,17,USA
2023-05-27,Eggs,8.24,9,USA
2023-05-28,Eggs,8.34,19,USA
2023-05-29,Eggs,8.59,16,USA
2023-05-30,Eggs,9.19,14,USA
2023-05-31,Eggs,9.17,10,USA
2023-06-01,Eggs,8.47,7,USA
2023-06-02,Eggs,8.61,11,USA
2023-06-03,Eggs,9.1,14,USA
2023-06-04,Eggs,8.85,4,USA
2023-06-05,Eggs,9.17,14,USA
2023-06-06,Eggs,8.7,11,USA
2023-06-07,Eggs,8.9,19,USA
2023-06-08,Eggs,9.24,2,USA
2023-06-09,Eggs,9.64,2,USA
2023-06-10,Eggs,8.91,12,USA
2023-06-11,Eggs,8.86,1,USA
2023-06-12,Eggs,9.05,14,USA
2023-06-13,Eggs,8.5,17,USA
2023-06-14,Eggs,9.48,1,USA
2023-06-15,Eggs,9.36,10,USA
2023-06-16,Eggs,8.79,6,USA
2023-06-17,Eggs,8.42,4,USA
2023-06-18,Eggs,9.05,6,USA
2023-06-19,Eggs,8.58,8,USA
2023-06-20,Eggs,9.38,8,USA
2023-06-21,Eggs,8.42,18,USA
2023-06-22,Eggs,9.48,6,USA
2023-06-23,Eggs,9.01,12,USA
2023-06-24,Eggs,9.25,7,USA
2023-06-25,Eggs,9.22,16,USA
2023-06-26,Eggs,8.62,7,USA
2023-06-27,Eggs,8.84,12,USA
2023-06-28,Eggs,8.92,3,USA
2023-06-29,Eggs,9.04,19,USA
2023-06-30,Eggs,8.91,13,USA
2023-07-01,Eggs,9.45,2,USA
2023-07-02,Eggs,9.11,11,USA
2023-07-03,Eggs,9.21,1,USA
2023-07-04,Eggs,8.61,9,USA
2023-07-05,Eggs,8.62,13,USA
2023-07-06,Eggs,8.64,3,USA
2023-07-07,Eggs,9.17,10,USA
2023-07-08,Eggs,9.28,18,USA
2023-07-09,Eggs,9.1,3,USA
2023-07-10,Eggs,9.48,11,USA
2023-07-11,Eggs,9.24,12,USA
2023-07-12,Eggs,8.76,10,USA
2023-07-13,Eggs,9.31,19,USA
2023-07-14,Eggs,8.81,8,USA
2023-07-15,Eggs,9.55,16,USA
2023-07-16,Eggs,8.83,9,USA
2023-07-17,Eggs,9.16,8,USA
2023-07-18,Eggs,9.17,18,USA
2023-07-19,Eggs,9.36,17,USA
2023-07-20,Eggs,9.69,7,USA
2023-07-21,Eggs,9.06,7,USA
2023-07-22,Eggs,9.13,14,USA
2023-07-23,Eggs,9.25,4,USA
2023-07-24,Eggs,9.06,1,USA
2023-07-25,Eggs,9.18,11,USA
2023-07-26,Eggs,9.13,5,USA
2023-07-27,Eggs,9.04,9,USA
2023-07-28,Eggs,9.33,14,USA
2023-07-29,Eggs,9.62,5,USA
2023-07-30,Eggs,9.87,19,USA
2023-07-31,Eggs,9.07,19,USA
2023-08-01,Eggs,9.03,14,USA
2023-08-02,Eggs,9.0,7,USA
2023-08-03,Eggs,9.29,6,USA
2023-08-04,Eggs,9.41,5,USA
2023-08-05,Eggs,9.32,2,USA
2023-08-06,Eggs,9.27,6,USA
2023-08-07,Eggs,8.57,2,USA
2023-08-08,Eggs,9.2,15,USA
2023-08-09,Eggs,9.31,10,USA
2023-08-10,Eggs,8.92,9,USA
2023-08-11,Eggs,9.74,10,USA
2023-08-12,Eggs,9.15,1,USA
2023-08-13,Eggs,10.2,11,USA
2023-08-14,Eggs,9.22,18,USA
2023-08-15,Eggs,9.66,1,USA
2023-08-16,Eggs,8.99,13,USA
2023-08-17,Eggs,9.65,18,USA
2023-08-18,Eggs,9.21,7,USA
2023-08-19,Eggs,9.71,3,USA
2023-08-20,Eggs,9.11,9,USA
2023-08-21,Eggs,9.05,11,USA
2023-08-22,Eggs,9.51,8,USA
2023-08-23,Eggs,9.73,9,USA
2023-08-24,Eggs,9.2,9,USA
2023-08-25,Eggs,8.92,15,USA
2023-08-26,Eggs,9.51,8,USA
2023-08-27,Eggs,9.85,12,USA
2023-08-28,Eggs,9.61,10,USA
2023-08-29,Eggs,9.19,4,USA
2023-08-30,Eggs,9.51,18,USA
2023-08-31,Eggs,9.66,3,USA
2023-09-01,Eggs,9.49,1,USA
2023-09-02,Eggs,9.38,16,USA
2023-09-03,Eggs,9.74,1,USA
2023-09-04,Eggs,9.9,2,USA
2023-09-05,Eggs,9.47,17,USA
2023-09-06,Eggs,9.56,6,USA
2023-09-07,Eggs,9.09,7,USA
2023-09-08,Eggs,10.05,11,USA
2023-09-09,Eggs,8.84,5,USA
2023-09-10,Eggs,9.75,18,USA
2023-09-11,Eggs,9.76,19,USA
2023-09-12,Eggs,9.69,8,USA
2023-09-13,Eggs,9.89,3,USA
2023-09-14,Eggs,9.68,6,USA
2023-09-15,Eggs,9.76,1,USA
2023-09-16,Eggs,8.85,9,USA
2023-09-17,Eggs,9.29,11,USA
2023-09-18,Eggs,9.48,17,USA
2023-09-19,Eggs,9.49,6,USA
2023-09-20,Eggs,9.75,6,USA
2023-09-21,Eggs,9.34,15,USA
2023-09-22,Eggs,9.46,12,USA
2023-09-23,Eggs,9.58,7,USA
2023-09-24,Eggs,9.92,3,USA
2023-09-25,Eggs,9.76,1,USA
2023-09-26,Eggs,9.71,14,USA
2023-09-27,Eggs,9.69,3,USA
2023-09-28,Eggs,9.46,12,USA
2023-09-29,Eggs,10.01,7,USA
2023-09-30,Eggs,10.24,12,USA
2023-10-01,Eggs,9.1,5,USA
2023-10-02,Eggs,9.68,19,USA
2023-10-03,Eggs,10.02,6,USA
2023-10-04,Eggs,10.33,2,USA
2023-10-05,Eggs,9.12,13,USA
2023-10-06,Eggs,9.98,19,USA
2023-10-07,Eggs,10.17,3,USA
2023-10-08,Eggs,10.0,9,USA
2023-10-09,Eggs,9.42,10,USA
2023-10-10,Eggs,9.66,9,USA
2023-10-11,Eggs,9.7,16,USA
2023-10-12,Eggs,10.11,13,USA
2023-10-13,Eggs,9.0,11,USA
2023-10-14,Eggs,9.55,16,USA
2023-10-15,Eggs,9.4,17,USA
2023-10-16,Eggs,9.17,11,USA
2023-10-17,Eggs,9.76,4,USA
2023-10-18,Eggs,9.5,1,USA
2023-10-19,Eggs,9.54,3,USA
2023-10-20,Eggs,9.39,10,USA
2023-10-21,Eggs,9.0,5,USA
2023-10-22,Eggs,10.24,5,USA
2023-10-23,Eggs,9.56,6,USA
2023-10-24,Eggs,9.59,6,USA
2023-10-25,Eggs,9.62,15,USA
2023-10-26,Eggs,10.11,3,USA
2023-10-27,Eggs,9.89,17,USA
2023-10-28,Eggs,9.57,2,USA
2023-10-29,Eggs,9.63,3,USA
2023-10-30,Eggs,9.43,9,USA
2023-10-31,Eggs,10.08,4,USA
2023-11-01,Eggs,10.03,12,USA
2023-11-02,Eggs,9.29,8,USA
2023-11-03,Eggs,10.15,13,USA
2023-11-04,Eggs,9.46,19,USA
2023-11-05,Eggs,10.16,4,USA
2023-11-06,Eggs,9.83,13,USA
2023-11-07,Eggs,9.57,10,USA
2023-11-08,Eggs,10.4,6,USA
2023-11-09,Eggs,9.92,6,USA
2023-11-10,Eggs,9.96,3,USA
2023-11-11,Eggs,9.88,5,USA
2023-11-12,Eggs,10.9,12,USA
2023-11-13,Eggs,9.66,12,USA
2023-11-14,Eggs,9.62,15,USA
2023-11-15,Eggs,9.96,10,USA
2023-11-16,Eggs,9.34,15,USA
2023-11-17,Eggs,10.33,2,USA
2023-11-18,Eggs,10.02,15,USA
2023-11-19,Eggs,9.76,15,USA
2023-11-20,Eggs,10.46,8,USA
2023-11-21,Eggs,9.79,18,USA
2023-11-22,Eggs,9.99,12,USA
2023-11-23,Eggs,9.82,3,USA
2023-11-24,Eggs,9.78,10,USA
2023-11-25,Eggs,9.73,19,USA
2023-11-26,Eggs,9.86,12,USA
2023-11-27,Eggs,10.09,4,USA
2023-11-28,Eggs,9.74,12,USA
2023-11-29,Eggs,9.79,10,USA
2023-11-30,Eggs,9.57,5,USA
2023-12-01,Eggs,9.79,13,USA
2023-12-02,Eggs,10.34,11,USA
2023-12-03,Eggs,10.51,6,USA
2023-12-04,Eggs,10.03,19,USA
2023-12-05,Eggs,9.86,17,USA
2023-12-06,Eggs,9.76,12,USA
2023-12-07,Eggs,10.07,3,USA
2023-12-08,Eggs,9.74,2,USA
2023-12-09,Eggs,10.16,14,USA
2023-12-10,Eggs,10.12,9,USA
2023-12-11,Eggs,9.83,17,USA
2023-12-12,Eggs,10.32,8,USA
2023-12-13,Eggs,9.8,8,USA
2023-12-14,Eggs,9.75,1,USA
2023-12-15,Eggs,10.27,3,USA
2023-12-16,Eggs,9.75,16,USA
2023-12-17,Eggs,10.18,2,USA
2023-12-18,Eggs,9.68,18,USA
2023-12-19,Eggs,10.02,14,USA
2023-12-20,Eggs,9.56,19,USA
2023-12-21,Eggs,10.6,13,USA
2023-12-22,Eggs,10.11,2,USA
2023-12-23,Eggs,10.0,3,USA
2023-12-24,Eggs,10.82,14,USA
2023-12-25,Eggs,9.84,11,USA
2023-12-26,Eggs,9.96,18,USA
2023-12-27,Eggs,9.89,19,USA
2023-12-28,Eggs,10.06,13,USA
2023-12-29,Eggs,10.21,10,USA
2023-12-30,Eggs,9.93,4,USA
2023-12-31,Eggs,10.28,12,USA
2023-01-01,Bread,3.32,16,USA
2023-01-02,Bread,3.2,18,USA
2023-01-03,Bread,3.27,5,USA
2023-01-04,Bread,3.11,15,USA
2023-01-05,Bread,3.51,17,USA
2023-01-06,Bread,3.02,6,USA
2023-01-07,Bread,3.38,15,USA
2023-01-08,Bread,3.42,4,USA
2023-01-09,Bread,3.03,1,USA
2023-01-10,Bread,3.79,1,USA
2023-01-11,Bread,3.61,13,USA
2023-01-12,Bread,3.77,13,USA
2023-01-13,Bread,3.15,14,USA
2023-01-14,Bread,2.92,5,USA
2023-01-15,Bread,3.29,9,USA
2023-01-16,Bread,3.46,6,USA
2023-01-17,Bread,3.28,13,USA
2023-01-18,Bread,3.43,1,USA
2023-01-19,Bread,3.27,3,USA
2023-01-20,Bread,3.76,17,USA
2023-01-21,Bread,3.74,18,USA
2023-01-22,Bread,3.19,7,USA
2023-01-23,Bread,3.93,19,USA
2023-01-24,Bread,3.65,4,USA
2023-01-25,Bread,3.51,3,USA
2023-01-26,Bread,3.61,11,USA
2023-01-27,Bread,3.4,11,USA
2023-01-28,Bread,3.24,18,USA
2023-01-29,Bread,3.68,8,USA
2023-01-30,Bread,2.98,9,USA
2023-01-31,Bread,3.58,16,USA
2023-02-01,Bread,3.61,11,USA
2023-02-02,Bread,4.01,17,USA
2023-02-03,Bread,3.76,11,USA
2023-02-04,Bread,3.37,4,USA
2023-02-05,Bread,3.59,6,USA
2023-02-06,Bread,3.79,11,USA
2023-02-07,Bread,3.09,18,USA
2023-02-08,Bread,3.52,19,USA
2023-02-09,Bread,3.29,1,USA
2023-02-10,Bread,2.76,19,USA
2023-02-11,Bread,3.35,10,USA
2023-02-12,Bread,2.93,18,USA
2023-02-13,Bread,4.06,9,USA
2023-02-14,Bread,3.82,1,USA
2023-02-15,Bread,3.96,1,USA
2023-02-16,Bread,3.93,11,USA
2023-02-17,Bread,3.38,3,USA
2023-02-18,Bread,3.58,3,USA
2023-02-19,Bread,3.61,19,USA
2023-02-20,Bread,3.99,18,USA
2023-02-21,Bread,3.38,6,USA
2023-02-22,Bread,3.59,9,USA
2023-02-23,Bread,4.13,1,USA
2023-02-24,Bread,3.59,3,USA
2023-02-25,Bread,3.85,3,USA
2023-02-26,Bread,3.58,6,USA
2023-02-27,Bread,3.91,6,USA
2023-02-28,Bread,3.37,13,USA
2023-03-01,Bread,3.99,8,USA
2023-03-02,Bread,4.77,5,USA
2023-03-03,Bread,4.02,14,USA
2023-03-04,Bread,3.74,12,USA
2023-03-05,Bread,3.26,4,USA
2023-03-06,Bread,3.23,14,USA
2023-03-07,Bread,4.44,16,USA
2023-03-08,Bread,4.27,2,USA
2023-03-09,Bread,3.6,18,USA
2023-03-10,Bread,3.72,4,USA
2023-03-11,Bread,3.47,14,USA
2023-03-12,Bread,3.47,7,USA
2023-03-13,Bread,4.31,4,USA
2023-03-14,Bread,3.56,8,USA
2023-03-15,Bread,3.81,14,USA
2023-03-16,Bread,3.38,19,USA
2023-03-17,Bread,3.69,6,USA
2023-03-18,Bread,3.9,16,USA
2023-03-19,Bread,3.78,5,USA
2023-03-20,Bread,3.69,2,USA
2023-03-21,Bread,3.48,12,USA
2023-03-22,Bread,3.8,16,USA
2023-03-23,Bread,3.88,3,USA
2023-03-24,Bread,4.21,7,USA
2023-03-25,Bread,4.08,3,USA
2023-03-26,Bread,4.25,11,USA
2023-03-27,Bread,3.86,7,USA
2023-03-28,Bread,3.96,15,USA
2023-03-29,Bread,4.13,17,USA
2023-03-30,Bread,3.69,14,USA
2023-03-31,Bread,4.16,18,USA
2023-04-01,Bread,4.3,19,USA
2023-04-02,Bread,3.73,7,USA
2023-04-03,Bread,3.81,19,USA
2023-04-04,Bread,3.89,8,USA
2023-04-05,Bread,3.96,16,USA
2023-04-06,Bread,3.36,3,USA
2023-04-07,Bread,4.12,19,USA
2023-04-08,Bread,4.03,4,USA
2023-04-09,Bread,3.61,11,USA
2023-04-10,Bread,4.25,1,USA
2023-04-11,Bread,4.11,3,USA
2023-04-12,Bread,4.02,13,USA
2023-04-13,Bread,4.24,7,USA
2023-04-14,Bread,4.32,13,USA
2023-04-15,Bread,3.78,4,USA
2023-04-16,Bread,3.85,15,USA
2023-04-17,Bread,3.06,9,USA
2023-04-18,Bread,3.73,4,USA
2023-04-19,Bread,4.05,14,USA
2023-04-20,Bread,4.14,15,USA
2023-04-21,Bread,3.64,6,USA
2023-04-22,Bread,4.05,5,USA
2023-04-23,Bread,3.85,5,USA
2023-04-24,Bread,4.34,2,USA
2023-04-25,Bread,4.15,1,USA
2023-04-26,Bread,4.53,19,USA
2023-04-27,Bread,3.35,17,USA
2023-04-28,Bread,3.4,14,USA
2023-04-29,Bread,4.22,3,USA
2023-04-30,Bread,4.45,1,USA
2023-05-01,Bread,4.12,13,USA
2023-05-02,Bread,3.83,8,USA
2023-05-03,Bread,3.78,10,USA
2023-05-04,Bread,4.28,6,USA
2023-05-05,Bread,4.31,3,USA
2023-05-06,Bread,4.03,11,USA
2023-05-07,Bread,3.94,1,USA
2023-05-08,Bread,3.78,13,USA
2023-05-09,Bread,3.78,6,USA
2023-05-10,Bread,3.79,15,USA
2023-05-11,Bread,3.59,6,USA
2023-05-12,Bread,3.97,9,USA
2023-05-13,Bread,4.29,11,USA
2023-05-14,Bread,4.18,19,USA
2023-05-15,Bread,3.88,15,USA
2023-05-16,Bread,4.46,14,USA
2023-05-17,Bread,4.35,16,USA
2023-05-18,Bread,4.32,18,USA
2023-05-19,Bread,4.15,11,USA
2023-05-20,Bread,3.74,15,USA
2023-05-21,Bread,3.68,10,USA
2023-05-22,Bread,3.97,4,USA
2023-05-23,Bread,3.9,2,USA
2023-05-24,Bread,3.67,9,USA
2023-05-25,Bread,4.54,18,USA
2023-05-26,Bread,4.1,15,USA
2023-05-27,Bread,4.02,5,USA
2023-05-28,Bread,4.04,11,USA
2023-05-29,Bread,4.78,19,USA
2023-05-30,Bread,4.29,3,USA
2023-05-31,Bread,4.19,7,USA
2023-06-01,Bread,4.9,1,USA
2023-06-02,Bread,4.45,11,USA
2023-06-03,Bread,4.21,12,USA
2023-06-04,Bread,4.21,4,USA
2023-06-05,Bread,4.15,4,USA
2023-06-06,Bread,4.35,18,USA
2023-06-07,Bread,3.92,17,USA
2023-06-08,Bread,4.29,7,USA
2023-06-09,Bread,4.07,7,USA
2023-06-10,Bread,3.96,8,USA
2023-06-11,Bread,4.57,8,USA
2023-06-12,Bread,3.92,13,USA
2023-06-13,Bread,4.42,13,USA
2023-06-14,Bread,4.57,1,USA
2023-06-15,Bread,4.25,16,USA
2023-06-16,Bread,4.28,15,USA
2023-06-17,Bread,4.13,16,USA
2023-06-18,Bread,4.3,7,USA
2023-06-19,Bread,4.27,16,USA
2023-06-20,Bread,4.29,9,USA
2023-06-21,Bread,4.44,19,USA
2023-06-22,Bread,4.09,5,USA
2023-06-23,Bread,4.43,17,USA
2023-06-24,Bread,4.58,1,USA
2023-06-25,Bread,4.27,11,USA
2023-06-26,Bread,4.11,7,USA
2023-06-27,Bread,4.32,6,USA
2023-06-28,Bread,4.43,9,USA
2023-06-29,Bread,4.2,3,USA
2023-06-30,Bread,4.28,2,USA
2023-07-01,Bread,3.5,2,USA
2023-07-02,Bread,4.21,6,USA
2023-07-03,Bread,4.82,13,USA
2023-07-04,Bread,4.5,2,USA
2023-07-05,Bread,5.24,17,USA
2023-07-06,Bread,4.69,11,USA
2023-07-07,Bread,4.55,12,USA
2023-07-08,Bread,4.42,16,USA
2023-07-09,Bread,4.46,10,USA
2023-07-10,Bread,3.96,10,USA
2023-07-11,Bread,5.08,4,USA
2023-07-12,Bread,5.26,4,USA
2023-07-13,Bread,4.57,19,USA
2023-07-14,Bread,4.56,14,USA
2023-07-15,Bread,4.76,19,USA
2023-07-16,Bread,4.43,9,USA
2023-07-17,Bread,4.56,1,USA
2023-07-18,Bread,4.16,19,USA
2023-07-19,Bread,4.22,2,USA
2023-07-20,Bread,4.59,11,USA
2023-07-21,Bread,4.44,9,USA
2023-07-22,Bread,4.35,4,USA
2023-07-23,Bread,4.53,4,USA
2023-07-24,Bread,4.22,4,USA
2023-07-25,Bread,4.09,9,USA
2023-07-26,Bread,4.18,9,USA
2023-07-27,Bread,4.82,12,USA
2023-07-28,Bread,4.54,3,USA
2023-07-29,Bread,4.59,1,USA
2023-07-30,Bread,4.05,17,USA
2023-07-31,Bread,4.26,4,USA
2023-08-01,Bread,5.02,18,USA
2023-08-02,Bread,4.43,17,USA
2023-08-03,Bread,4.56,6,USA
2023-08-04,Bread,4.45,11,USA
2023-08-05,Bread,4.7,16,USA
2023-08-06,Bread,4.07,7,USA
2023-08-07,Bread,4.75,9,USA
2023-08-08,Bread,4.74,8,USA
2023-08-09,Bread,4.42,7,USA
2023-08-10,Bread,4.63,6,USA
2023-08-11,Bread,4.58,7,USA
2023-08-12,Bread,4.54,13,USA
2023-08-13,Bread,4.65,15,USA
2023-08-14,Bread,4.89,1,USA
2023-08-15,Bread,4.09,18,USA
2023-08-16,Bread,4.57,19,USA
2023-08-17,Bread,4.37,6,USA
2023-08-18,Bread,4.46,13,USA
2023-08-19,Bread,4.53,12,USA
2023-08-20,Bread,4.51,14,USA
2023-08-21,Bread,4.22,16,USA
2023-08-22,Bread,4.36,7,USA
2023-08-23,Bread,4.74,3,USA
2023-08-24,Bread,4.54,18,USA
2023-08-25,Bread,4.81,8,USA
2023-08-26,Bread,4.93,13,USA
2023-08-27,Bread,4.56,11,USA
2023-08-28,Bread,5.23,11,USA
2023-08-29,Bread,5.37,12,USA
2023-08-30,Bread,4.37,15,USA
2023-08-31,Bread,4.78,4,USA
2023-09-01,Bread,5.17,11,USA
2023-09-02,Bread,4.97,13,USA
2023-09-03,Bread,4.8,10,USA
2023-09-04,Bread,4.85,1,USA
2023-09-05,Bread,4.67,2,USA
2023-09-06,Bread,4.88,13,USA
2023-09-07,Bread,5.29,19,USA
2023-09-08,Bread,5.11,5,USA
2023-09-09,Bread,4.48,16,USA
2023-09-10,Bread,4.28,17,USA
2023-09-11,Bread,5.15,4,USA
2023-09-12,Bread,4.54,17,USA
2023-09-13,Bread,4.78,12,USA
2023-09-14,Bread,4.88,5,USA
2023-09-15,Bread,5.14,7,USA
2023-09-16,Bread,4.58,18,USA
2023-09-17,Bread,4.72,11,USA
2023-09-18,Bread,5.13,15,USA
2023-09-19,Bread,4.71,13,USA
2023-09-20,Bread,5.08,17,USA
2023-09-21,Bread,4.91,10,USA
2023-09-22,Bread,5.14,6,USA
2023-09-23,Bread,5.0,13,USA
2023-09-24,Bread,4.59,5,USA
2023-09-25,Bread,4.76,18,USA
2023-09-26,Bread,5.19,2,USA
2023-09-27,Bread,5.14,6,USA
2023-09-28,Bread,4.96,11,USA
2023-09-29,Bread,4.77,18,USA
2023-09-30,Bread,5.32,9,USA
2023-10-01,Bread,5.08,4,USA
2023-10-02,Bread,5.19,14,USA
2023-10-03,Bread,5.0,16,USA
2023-10-04,Bread,4.97,17,USA
2023-10-05,Bread,4.79,7,USA
2023-10-06,Bread,5.06,10,USA
2023-10-07,Bread,5.11,7,USA
2023-10-08,Bread,5.74,3,USA
2023-10-09,Bread,5.08,3,USA
2023-10-10,Bread,4.64,17,USA
2023-10-11,Bread,4.33,2,USA
2023-10-12,Bread,4.26,5,USA
2023-10-13,Bread,4.68,4,USA
2023-10-14,Bread,4.56,6,USA
2023-10-15,Bread,5.18,18,USA
2023-10-16,Bread,4.83,13,USA
2023-10-17,Bread,5.14,11,USA
2023-10-18,Bread,5.61,1,USA
2023-10-19,Bread,5.35,18,USA
2023-10-20,Bread,4.8,11,USA
2023-10-21,Bread,5.18,3,USA
2023-10-22,Bread,4.89,4,USA
2023-10-23,Bread,5.28,18,USA
2023-10-24,Bread,5.59,3,USA
2023-10-25,Bread,5.56,1,USA
2023-10-26,Bread,4.98,11,USA
2023-10-27,Bread,5.57,14,USA
2023-10-28,Bread,5.01,1,USA
2023-10-29,Bread,4.65,8,USA
2023-10-30,Bread,5.11,15,USA
2023-10-31,Bread,5.1,3,USA
2023-11-01,Bread,5.2,15,USA
2023-11-02,Bread,4.93,5,USA
2023-11-03,Bread,4.85,12,USA
2023-11-04,Bread,5.2,13,USA
2023-11-05,Bread,5.51,1,USA
2023-11-06,Bread,5.32,8,USA
2023-11-07,Bread,4.57,6,USA
2023-11-08,Bread,4.89,5,USA
2023-11-09,Bread,5.43,15,USA
2023-11-10,Bread,5.06,8,USA
2023-11-11,Bread,4.78,17,USA
2023-11-12,Bread,5.22,19,USA
2023-11-13,Bread,5.2,10,USA
2023-11-14,Bread,5.23,13,USA
2023-11-15,Bread,5.27,14,USA
2023-11-16,Bread,4.96,19,USA
2023-11-17,Bread,5.28,2,USA
2023-11-18,Bread,5.04,10,USA
2023-11-19,Bread,5.06,9,USA
2023-11-20,Bread,5.2,18,USA
2023-11-21,Bread,5.27,2,USA
2023-11-22,Bread,5.14,12,USA
2023-11-23,Bread,5.37,14,USA
2023-11-24,Bread,5.42,7,USA
2023-11-25,Bread,5.49,11,USA
2023-11-26,Bread,5.36,8,USA
2023-11-27,Bread,5.29,12,USA
2023-11-28,Bread,5.28,7,USA
2023-11-29,Bread,5.07,5,USA
2023-11-30,Bread,4.83,18,USA
2023-12-01,Bread,5.28,13,USA
2023-12-02,Bread,5.03,17,USA
2023-12-03,Bread,5.18,17,USA
2023-12-04,Bread,5.18,6,USA
2023-12-05,Bread,5.49,10,USA
2023-12-06,Bread,5.51,12,USA
2023-12-07,Bread,4.9,3,USA
2023-12-08,Bread,5.07,13,USA
2023-12-09,Bread,4.83,10,USA
2023-12-10,Bread,5.42,7,USA
2023-12-11,Bread,5.55,16,USA
2023-12-12,Bread,5.33,19,USA
2023-12-13,Bread,5.18,7,USA
2023-12-14,Bread,5.38,5,USA
2023-12-15,Bread,5.47,14,USA
2023-12-16,Bread,5.21,4,USA
2023-12-17,Bread,5.5,8,USA
2023-12-18,Bread,5.4,13,USA
2023-12-19,Bread,5.15,15,USA
2023-12-20,Bread,5.21,11,USA
2023-12-21,Bread,5.11,16,USA
2023-12-22,Bread,5.22,7,USA
2023-12-23,Bread,5.48,10,USA
2023-12-24,Bread,5.75,19,USA
2023-12-25,Bread,5.37,1,USA
2023-12-26,Bread,5.15,7,USA
2023-12-27,Bread,5.12,5,USA
2023-12-28,Bread,5.44,1,USA
2023-12-29,Bread,5.36,15,USA
2023-12-30,Bread,5.22,16,USA
2023-12-31,Bread,4.86,6,USA
2023-01-01,Chicken,2.08,3,USA
2023-01-02,Chicken,2.03,12,USA
2023-01-03,Chicken,2.4,14,USA
2023-01-04,Chicken,2.71,2,USA
2023-01-05,Chicken,2.19,6,USA
2023-01-06,Chicken,2.2,6,USA
2023-01-07,Chicken,2.58,14,USA
2023-01-08,Chicken,2.51,5,USA
2023-01-09,Chicken,3.16,9,USA
2023-01-10,Chicken,2.26,17,USA
2023-01-11,Chicken,2.42,5,USA
2023-01-12,Chicken,2.29,6,USA
2023-01-13,Chicken,2.47,18,USA
2023-01-14,Chicken,2.3,6,USA
2023-01-15,Chicken,2.2,10,USA
2023-01-16,Chicken,2.58,10,USA
2023-01-17,Chicken,2.57,16,USA
2023-01-18,Chicken,2.09,3,USA
2023-01-19,Chicken,2.46,10,USA
2023-01-20,Chicken,2.43,19,USA
2023-01-21,Chicken,2.74,18,USA
2023-01-22,Chicken,2.67,5,USA
2023-01-23,Chicken,2.71,8,USA
2023-01-24,Chicken,2.84,6,USA
2023-01-25,Chicken,2.69,16,USA
2023-01-26,Chicken,2.9,11,USA
2023-01-27,Chicken,2.74,9,USA
2023-01-28,Chicken,2.52,2,USA
2023-01-29,Chicken,2.15,7,USA
2023-01-30,Chicken,2.38,3,USA
2023-01-31,Chicken,2.84,9,USA
2023-02-01,Chicken,2.44,6,USA
2023-02-02,Chicken,2.26,12,USA
2023-02-03,Chicken,2.82,18,USA
2023-02-04,Chicken,2.98,18,USA
2023-02-05,Chicken,2.13,6,USA
2023-02-06,Chicken,2.81,6,USA
2023-02-07,Chicken,2.63,6,USA
2023-02-08,Chicken,3.07,14,USA
2023-02-09,Chicken,2.78,14,USA
2023-02-10,Chicken,2.18,8,USA
2023-02-11,Chicken,2.53,13,USA
2023-02-12,Chicken,2.38,19,USA
2023-02-13,Chicken,2.64,14,USA
2023-02-14,Chicken,2.66,13,USA
2023-02-15,Chicken,3.13,6,USA
2023-02-16,Chicken,2.25,2,USA
2023-02-17,Chicken,3.11,8,USA
2023-02-18,Chicken,2.71,9,USA
2023-02-19,Chicken,2.61,11,USA
2023-02-20,Chicken,2.57,7,USA
2023-02-21,Chicken,2.73,13,USA
2023-02-22,Chicken,2.94,16,USA
2023-02-23,Chicken,2.92,2,USA
2023-02-24,Chicken,2.74,6,USA
2023-02-25,Chicken,2.49,7,USA
2023-02-26,Chicken,2.86,14,USA
2023-02-27,Chicken,3.11,15,USA
2023-02-28,Chicken,2.43,10,USA
2023-03-01,Chicken,2.41,4,USA
2023-03-02,Chicken,3.04,6,USA
2023-03-03,Chicken,2.89,4,USA
2023-03-04,Chicken,2.7,10,USA
2023-03-05,Chicken,2.93,8,USA
2023-03-06,Chicken,3.05,9,USA
2023-03-07,Chicken,2.75,10,USA
2023-03-08,Chicken,2.64,8,USA
2023-03-09,Chicken,3.22,4,USA
2023-03-10,Chicken,2.56,11,USA
2023-03-11,Chicken,2.82,3,USA
2023-03-12,Chicken,3.13,4,USA
2023-03-13,Chicken,2.54,6,USA
2023-03-14,Chicken,2.93,8,USA
2023-03-15,Chicken,3.11,9,USA
2023-03-16,Chicken,3.11,9,USA
2023-03-17,Chicken,2.5,16,USA
2023-03-18,Chicken,2.65,3,USA
2023-03-19,Chicken,2.79,16,USA
2023-03-20,Chicken,2.83,16,USA
2023-03-21,Chicken,3.64,12,USA
2023-03-22,Chicken,3.16,4,USA
2023-03-23,Chicken,2.97,16,USA
2023-03-24,Chicken,2.72,12,USA
2023-03-25,Chicken,2.74,6,USA
2023-03-26,Chicken,2.97,10,USA
2023-03-27,Chicken,2.34,1,USA
2023-03-28,Chicken,3.35,6,USA
2023-03-29,Chicken,2.64,4,USA
2023-03-30,Chicken,2.67,13,USA
2023-03-31,Chicken,3.29,19,USA
2023-04-01,Chicken,3.03,19,USA
2023-04-02,Chicken,2.88,18,USA
2023-04-03,Chicken,2.64,5,USA
2023-04-04,Chicken,2.79,3,USA
2023-04-05,Chicken,2.22,12,USA
2023-04-06,Chicken,3.09,1,USA
2023-04-07,Chicken,2.93,12,USA
2023-04-08,Chicken,2.95,13,USA
2023-04-09,Chicken,2.67,5,USA
2023-04-10,Chicken,2.88,7,USA
2023-04-11,Chicken,3.17,8,USA
2023-04-12,Chicken,3.04,16,USA
2023-04-13,Chicken,2.62,2,USA
2023-04-14,Chicken,2.88,19,USA
2023-04-15,Chicken,3.46,9,USA
2023-04-16,Chicken,3.61,8,USA
2023-04-17,Chicken,2.81,14,USA
2023-04-18,Chicken,2.97,1,USA
2023-04-19,Chicken,2.96,5,USA
2023-04-20,Chicken,3.03,4,USA
2023-04-21,Chicken,2.82,5,USA
2023-04-22,Chicken,3.13,4,USA
2023-04-23,Chicken,3.15,3,USA
2023-04-24,Chicken,3.13,16,USA
2023-04-25,Chicken,3.42,3,USA
2023-04-26,Chicken,3.51,13,USA
2023-04-27,Chicken,2.99,5,USA
2023-04-28,Chicken,3.5,2,USA
2023-04-29,Chicken,2.83,6,USA
2023-04-30,Chicken,2.56,11,USA
2023-05-01,Chicken,3.16,8,USA
2023-05-02,Chicken,3.33,14,USA
2023-05-03,Chicken,3.05,15,USA
2023-05-04,Chicken,3.3,13,USA
2023-05-05,Chicken,3.19,4,USA
2023-05-06,Chicken,3.38,10,USA
2023-05-07,Chicken,2.96,10,USA
2023-05-08,Chicken,3.01,2,USA
2023-05-09,Chicken,3.43,11,USA
2023-05-10,Chicken,3.23,5,USA
2023-05-11,Chicken,3.38,5,USA
2023-05-12,Chicken,3.01,5,USA
2023-05-13,Chicken,2.96,9,USA
2023-05-14,Chicken,3.43,11,USA
2023-05-15,Chicken,3.09,15,USA
2023-05-16,Chicken,3.03,19,USA
2023-05-17,Chicken,3.28,12,USA
2023-05-18,Chicken,3.48,14,USA
2023-05-19,Chicken,3.05,11,USA
2023-05-20,Chicken,2.92,6,USA
2023-05-21,Chicken,3.64,3,USA
2023-05-22,Chicken,3.22,14,USA
2023-05-23,Chicken,3.19,19,USA
2023-05-24,Chicken,3.54,6,USA
2023-05-25,Chicken,3.16,6,USA
2023-05-26,Chicken,3.06,4,USA
2023-05-27,Chicken,2.89,4,USA
2023-05-28,Chicken,3.48,19,USA
2023-05-29,Chicken,3.2,17,USA
2023-05-30,Chicken,3.55,18,USA
2023-05-31,Chicken,2.83,2,USA
2023-06-01,Chicken,3.13,10,USA
2023-06-02,Chicken,3.31,16,USA
2023-06-03,Chicken,3.47,15,USA
2023-06-04,Chicken,3.21,10,USA
2023-06-05,Chicken,3.85,5,USA
2023-06-06,Chicken,3.17,15,USA
2023-06-07,Chicken,3.75,14,USA
2023-06-08,Chicken,3.28,4,USA
2023-06-09,Chicken,2.8,15,USA
2023-06-10,Chicken,3.01,8,USA
2023-06-11,Chicken,2.9,4,USA
2023-06-12,Chicken,3.97,6,USA
2023-06-13,Chicken,3.75,1,USA
2023-06-14,Chicken,3.63,14,USA
2023-06-15,Chicken,3.47,2,USA
2023-06-16,Chicken,3.52,5,USA
2023-06-17,Chicken,2.46,2,USA
2023-06-18,Chicken,3.44,13,USA
2023-06-19,Chicken,3.64,17,USA
2023-06-20,Chicken,2.44,4,USA
2023-06-21,Chicken,3.17,11,USA
2023-06-22,Chicken,3.32,5,USA
2023-06-23,Chicken,3.67,15,USA
2023-06-24,Chicken,3.94,3,USA
2023-06-25,Chicken,2.97,5,USA
2023-06-26,Chicken,3.54,15,USA
2023-06-27,Chicken,3.87,2,USA
2023-06-28,Chicken,3.62,17,USA
2023-06-29,Chicken,3.58,1,USA
2023-06-30,Chicken,3.29,2,USA
2023-07-01,Chicken,3.11,14,USA
2023-07-02,Chicken,3.74,19,USA
2023-07-03,Chicken,4.15,7,USA
2023-07-04,Chicken,3.51,17,USA
2023-07-05,Chicken,3.4,17,USA
2023-07-06,Chicken,3.58,5,USA
2023-07-07,Chicken,3.8,3,USA
2023-07-08,Chicken,3.54,15,USA
2023-07-09,Chicken,2.76,19,USA
2023-07-10,Chicken,4.04,13,USA
2023-07-11,Chicken,3.51,16,USA
2023-07-12,Chicken,3.43,1,USA
2023-07-13,Chicken,3.63,11,USA
2023-07-14,Chicken,3.78,7,USA
2023-07-15,Chicken,3.47,1,USA
2023-07-16,Chicken,3.7,11,USA
2023-07-17,Chicken,3.34,6,USA
2023-07-18,Chicken,3.77,13,USA
2023-07-19,Chicken,4.01,6,USA
2023-07-20,Chicken,3.87,12,USA
2023-07-21,Chicken,3.42,8,USA
2023-07-22,Chicken,3.3,13,USA
2023-07-23,Chicken,3.95,6,USA
2023-07-24,Chicken,3.65,11,USA
2023-07-25,Chicken,3.43,12,USA
2023-07-26,Chicken,3.59,11,USA
2023-07-27,Chicken,3.08,17,USA
2023-07-28,Chicken,3.95,5,USA
2023-07-29,Chicken,3.23,5,USA
2023-07-30,Chicken,3.72,10,USA
2023-07-31,Chicken,3.68,18,USA
2023-08-01,Chicken,3.4,10,USA
2023-08-02,Chicken,3.9,10,USA
2023-08-03,Chicken,4.06,5,USA
2023-08-04,Chicken,3.7,10,USA
2023-08-05,Chicken,3.64,9,USA
2023-08-06,Chicken,3.39,4,USA
2023-08-07,Chicken,4.26,9,USA
2023-08-08,Chicken,4.07,10,USA
2023-08-09,Chicken,3.99,7,USA
2023-08-10,Chicken,3.36,1,USA
2023-08-11,Chicken,3.64,7,USA
2023-08-12,Chicken,3.32,12,USA
2023-08-13,Chicken,3.71,12,USA
2023-08-14,Chicken,3.29,18,USA
2023-08-15,Chicken,3.75,10,USA
2023-08-16,Chicken,4.4,4,USA
2023-08-17,Chicken,4.01,14,USA
2023-08-18,Chicken,3.61,14,USA
2023-08-19,Chicken,3.49,13,USA
2023-08-20,Chicken,3.58,1,USA
2023-08-21,Chicken,3.77,11,USA
2023-08-22,Chicken,3.94,8,USA
2023-08-23,Chicken,3.65,18,USA
2023-08-24,Chicken,4.07,3,USA
2023-08-25,Chicken,3.57,12,USA
2023-08-26,Chicken,3.45,15,USA
2023-08-27,Chicken,3.53,1,USA
2023-08-28,Chicken,3.4,15,USA
2023-08-29,Chicken,3.85,10,USA
2023-08-30,Chicken,3.78,17,USA
2023-08-31,Chicken,3.91,16,USA
2023-09-01,Chicken,3.56,1,USA
2023-09-02,Chicken,4.14,17,USA
2023-09-03,Chicken,4.45,15,USA
2023-09-04,Chicken,3.89,7,USA
2023-09-05,Chicken,3.92,4,USA
2023-09-06,Chicken,3.75,18,USA
2023-09-07,Chicken,3.55,1,USA
2023-09-08,Chicken,3.81,16,USA
2023-09-09,Chicken,4.16,7,USA
2023-09-10,Chicken,4.19,5,USA
2023-09-11,Chicken,3.9,13,USA
2023-09-12,Chicken,4.11,11,USA
2023-09-13,Chicken,3.56,11,USA
2023-09-14,Chicken,3.64,17,USA
2023-09-15,Chicken,4.09,6,USA
2023-09-16,Chicken,3.92,19,USA
2023-09-17,Chicken,3.71,10,USA
2023-09-18,Chicken,3.67,13,USA
2023-09-19,Chicken,3.48,17,USA
2023-09-20,Chicken,3.86,19,USA
2023-09-21,Chicken,3.78,15,USA
2023-09-22,Chicken,4.09,7,USA
2023-09-23,Chicken,4.03,9,USA
2023-09-24,Chicken,3.68,5,USA
2023-09-25,Chicken,3.18,8,USA
2023-09-26,Chicken,4.2,4,USA
2023-09-27,Chicken,3.8,15,USA
2023-09-28,Chicken,4.09,10,USA
2023-09-29,Chicken,4.44,2,USA
2023-09-30,Chicken,4.22,6,USA
2023-10-01,Chicken,4.42,18,USA
2023-10-02,Chicken,3.7,8,USA
2023-10-03,Chicken,3.7,19,USA
2023-10-04,Chicken,4.35,10,USA
2023-10-05,Chicken,4.46,3,USA
2023-10-06,Chicken,4.19,6,USA
2023-10-07,Chicken,4.02,13,USA
2023-10-08,Chicken,3.86,14,USA
2023-10-09,Chicken,4.43,10,USA
2023-10-10,Chicken,3.7,12,USA
2023-10-11,Chicken,4.54,17,USA
2023-10-12,Chicken,4.23,13,USA
2023-10-13,Chicken,3.51,17,USA
2023-10-14,Chicken,4.44,9,USA
2023-10-15,Chicken,4.58,15,USA
2023-10-16,Chicken,3.57,16,USA
2023-10-17,Chicken,4.32,12,USA
2023-10-18,Chicken,4.09,5,USA
2023-10-19,Chicken,3.87,15,USA
2023-10-20,Chicken,4.21,15,USA
2023-10-21,Chicken,3.82,4,USA
2023-10-22,Chicken,4.13,12,USA
2023-10-23,Chicken,4.37,3,USA
2023-10-24,Chicken,4.0,19,USA
2023-10-25,Chicken,3.73,9,USA
2023-10-26,Chicken,4.03,16,USA
2023-10-27,Chicken,4.43,8,USA
2023-10-28,Chicken,3.64,4,USA
2023-10-29,Chicken,4.51,3,USA
2023-10-30,Chicken,4.22,7,USA
2023-10-31,Chicken,4.12,2,USA
2023-11-01,Chicken,4.06,12,USA
2023-11-02,Chicken,4.12,5,USA
2023-11-03,Chicken,3.95,4,USA
2023-11-04,Chicken,4.73,5,USA
2023-11-05,Chicken,3.76,10,USA
2023-11-06,Chicken,4.28,4,USA
2023-11-07,Chicken,4.54,5,USA
2023-11-08,Chicken,5.19,10,USA
2023-11-09,Chicken,3.62,1,USA
2023-11-10,Chicken,4.07,16,USA
2023-11-11,Chicken,4.79,3,USA
2023-11-12,Chicken,4.32,15,USA
2023-11-13,Chicken,4.24,3,USA
2023-11-14,Chicken,4.21,16,USA
2023-11-15,Chicken,4.59,17,USA
2023-11-16,Chicken,3.85,9,USA
2023-11-17,Chicken,4.33,13,USA
2023-11-18,Chicken,4.35,1,USA
2023-11-19,Chicken,4.06,1,USA
2023-11-20,Chicken,4.33,13,USA
2023-11-21,Chicken,3.81,13,USA
2023-11-22,Chicken,4.58,12,USA
2023-11-23,Chicken,4.32,3,USA
2023-11-24,Chicken,4.37,8,USA
2023-11-25,Chicken,4.89,9,USA
2023-11-26,Chicken,4.12,5,USA
2023-11-27,Chicken,3.78,13,USA
2023-11-28,Chicken,4.61,9,USA
2023-11-29,Chicken,4.33,2,USA
2023-11-30,Chicken,4.38,2,USA
2023-12-01,Chicken,4.6,4,USA
2023-12-02,Chicken,4.87,5,USA
2023-12-03,Chicken,4.6,3,USA
2023-12-04,Chicken,4.52,16,USA
2023-12-05,Chicken,4.16,11,USA
2023-12-06,Chicken,4.38,16,USA
2023-12-07,Chicken,3.98,10,USA
2023-12-08,Chicken,4.18,11,USA
2023-12-09,Chicken,4.53,1,USA
2023-12-10,Chicken,4.26,11,USA
2023-12-11,Chicken,4.42,7,USA
2023-12-12,Chicken,4.5,16,USA
2023-12-13,Chicken,4.16,5,USA
2023-12-14,Chicken,4.45,3,USA
2023-12-15,Chicken,4.54,16,USA
2023-12-16,Chicken,4.79,7,USA
2023-12-17,Chicken,4.21,1,USA
2023-12-18,Chicken,4.38,12,USA
2023-12-19,Chicken,4.42,16,USA
2023-12-20,Chicken,4.16,6,USA
2023-12-21,Chicken,4.51,6,USA
2023-12-22,Chicken,4.72,14,USA
2023-12-23,Chicken,5.02,8,USA
2023-12-24,Chicken,4.46,15,USA
2023-12-25,Chicken,4.52,15,USA
2023-12-26,Chicken,4.46,6,USA
2023-12-27,Chicken,4.39,10,USA
2023-12-28,Chicken,3.81,15,USA
2023-12-29,Chicken,5.0,9,USA
2023-12-30,Chicken,4.43,9,USA
2023-12-31,Chicken,4.69,7,USA
2023-01-01,Rice,9.62,15,USA
2023-01-02,Rice,9.19,6,USA
2023-01-03,Rice,9.45,15,USA
2023-01-04,Rice,9.43,4,USA
2023-01-05,Rice,9.59,13,USA
2023-01-06,Rice,9.38,6,USA
2023-01-07,Rice,9.33,18,USA
2023-01-08,Rice,9.67,4,USA
2023-01-09,Rice,9.34,2,USA
2023-01-10,Rice,9.59,14,USA
2023-01-11,Rice,9.13,12,USA
2023-01-12,Rice,9.24,5,USA
2023-01-13,Rice,9.94,3,USA
2023-01-14,Rice,9.1,4,USA
2023-01-15,Rice,9.77,17,USA
2023-01-16,Rice,8.96,19,USA
2023-01-17,Rice,9.66,6,USA
2023-01-18,Rice,9.4,17,USA
2023-01-19,Rice,9.44,17,USA
2023-01-20,Rice,9.79,13,USA
2023-01-21,Rice,9.52,1,USA
2023-01-22,Rice,9.96,11,USA
2023-01-23,Rice,9.12,5,USA
2023-01-24,Rice,9.54,16,USA
2023-01-25,Rice,9.39,2,USA
2023-01-26,Rice,9.57,10,USA
2023-01-27,Rice,9.7,1,USA
2023-01-28,Rice,9.6,14,USA
2023-01-29,Rice,9.9,7,USA
2023-01-30,Rice,9.49,16,USA
2023-01-31,Rice,9.54,13,USA
2023-02-01,Rice,9.71,7,USA
2023-02-02,Rice,9.56,15,USA
2023-02-03,Rice,9.63,2,USA
2023-02-04,Rice,9.69,17,USA
2023-02-05,Rice,9.64,16,USA
2023-02-06,Rice,9.4,10,USA
2023-02-07,Rice,9.69,1,USA
2023-02-08,Rice,9.49,6,USA
2023-02-09,Rice,9.46,9,USA
2023-02-10,Rice,9.45,9,USA
2023-02-11,Rice,9.67,15,USA
2023-02-12,Rice,9.82,13,USA
2023-02-13,Rice,9.69,19,USA
2023-02-14,Rice,9.1,3,USA
2023-02-15,Rice,9.89,11,USA
2023-02-16,Rice,10.25,19,USA
2023-02-17,Rice,9.75,7,USA
2023-02-18,Rice,9.3,16,USA
2023-02-19,Rice,9.6,13,USA
2023-02-20,Rice,9.64,14,USA
2023-02-21,Rice,10.28,4,USA
2023-02-22,Rice,9.67,7,USA
2023-02-23,Rice,10.35,11,USA
2023-02-24,Rice,9.55,19,USA
2023-02-25,Rice,9.61,16,USA
2023-02-26,Rice,9.64,5,USA
2023-02-27,Rice,10.22,18,USA
2023-02-28,Rice,9.81,1,USA
2023-03-01,Rice,10.08,16,USA
2023-03-02,Rice,9.46,15,USA
2023-03-03,Rice,9.47,8,USA
2023-03-04,Rice,9.42,7,USA
2023-03-05,Rice,9.82,1,USA
2023-03-06,Rice,9.9,17,USA
2023-03-07,Rice,10.28,19,USA
2023-03-08,Rice,8.87,8,USA
2023-03-09,Rice,10.4,8,USA
2023-03-10,Rice,10.04,17,USA
2023-03-11,Rice,9.67,7,USA
2023-03-12,Rice,9.59,3,USA
2023-03-13,Rice,9.35,9,USA
2023-03-14,Rice,9.85,4,USA
2023-03-15,Rice,9.75,6,USA
2023-03-16,Rice,9.87,17,USA
2023-03-17,Rice,9.63,9,USA
2023-03-18,Rice,9.65,11,USA
2023-03-19,Rice,9.88,16,USA
2023-03-20,Rice,9.62,11,USA
2023-03-21,Rice,9.39,19,USA
2023-03-22,Rice,10.5,6,USA
2023-03-23,Rice,10.09,1,USA
2023-03-24,Rice,9.4,15,USA
2023-03-25,Rice,9.91,11,USA
2023-03-26,Rice,9.56,10,USA
2023-03-27,Rice,10.44,12,USA
2023-03-28,Rice,9.43,11,USA
2023-03-29,Rice,9.71,4,USA
2023-03-30,Rice,10.31,12,USA
2023-03-31,Rice,10.19,9,USA
2023-04-01,Rice,10.08,14,USA
2023-04-02,Rice,10.32,12,USA
2023-04-03,Rice,9.99,15,USA
2023-04-04,Rice,9.13,11,USA
2023-04-05,Rice,8.99,9,USA
2023-04-06,Rice,10.0,15,USA
2023-04-07,Rice,10.16,13,USA
2023-04-08,Rice,10.3,6,USA
2023-04-09,Rice,9.62,4,USA
2023-04-10,Rice,10.51,10,USA
2023-04-11,Rice,10.06,2,USA
2023-04-12,Rice,10.07,16,USA
2023-04-13,Rice,10.04,18,USA
2023-04-14,Rice,10.42,11,USA
2023-04-15,Rice,10.02,5,USA
2023-04-16,Rice,9.64,10,USA
2023-04-17,Rice,10.4,8,USA
2023-04-18,Rice,9.79,11,USA
2023-04-19,Rice,10.02,16,USA
2023-04-20,Rice,10.39,7,USA
2023-04-21,Rice,9.81,13,USA
2023-04-22,Rice,9.63,4,USA
2023-04-23,Rice,10.18,1,USA
2023-04-24,Rice,10.06,10,USA
2023-04-25,Rice,9.84,17,USA
2023-04-26,Rice,9.77,14,USA
2023-04-27,Rice,9.8,7,USA
2023-04-28,Rice,9.25,10,USA
2023-04-29,Rice,10.17,1,USA
2023-04-30,Rice,10.08,6,USA
2023-05-01,Rice,10.77,4,USA
2023-05-02,Rice,10.16,14,USA
2023-05-03,Rice,10.52,10,USA
2023-05-04,Rice,10.36,17,USA
2023-05-05,Rice,9.86,10,USA
2023-05-06,Rice,10.12,5,USA
2023-05-07,Rice,9.99,5,USA
2023-05-08,Rice,10.03,6,USA
2023-05-09,Rice,10.46,4,USA
2023-05-10,Rice,9.71,2,USA
2023-05-11,Rice,10.66,6,USA
2023-05-12,Rice,10.24,7,USA
2023-05-13,Rice,10.37,18,USA
2023-05-14,Rice,10.2,10,USA
2023-05-15,Rice,9.51,19,USA
2023-05-16,Rice,10.01,12,USA
2023-05-17,Rice,10.3,15,USA
2023-05-18,Rice,10.79,11,USA
2023-05-19,Rice,10.18,10,USA
2023-05-20,Rice,9.88,12,USA
2023-05-21,Rice,9.96,14,USA
2023-05-22,Rice,9.84,15,USA
2023-05-23,Rice,9.73,19,USA
2023-05-24,Rice,10.39,4,USA
2023-05-25,Rice,10.7,11,USA
2023-05-26,Rice,10.36,11,USA
2023-05-27,Rice,10.72,4,USA
2023-05-28,Rice,10.25,19,USA
2023-05-29,Rice,10.38,15,USA
2023-05-30,Rice,10.16,17,USA
2023-05-31,Rice,10.37,12,USA
2023-06-01,Rice,10.21,2,USA
2023-06-02,Rice,10.24,18,USA
2023-06-03,Rice,10.82,5,USA
2023-06-04,Rice,9.94,6,USA
2023-06-05,Rice,10.43,16,USA
2023-06-06,Rice,10.15,13,USA
2023-06-07,Rice,10.33,5,USA
2023-06-08,Rice,10.12,8,USA
2023-06-09,Rice,10.01,12,USA
2023-06-10,Rice,10.62,18,USA
2023-06-11,Rice,10.37,13,USA
2023-06-12,Rice,10.79,7,USA
2023-06-13,Rice,10.64,19,USA
2023-06-14,Rice,10.42,17,USA
2023-06-15,Rice,11.04,6,USA
2023-06-16,Rice,10.38,10,USA
2023-06-17,Rice,10.44,9,USA
2023-06-18,Rice,10.23,2,USA
2023-06-19,Rice,10.53,12,USA
2023-06-20,Rice,10.28,6,USA
2023-06-21,Rice,10.91,1,USA
2023-06-22,Rice,10.27,7,USA
2023-06-23,Rice,10.07,9,USA
2023-06-24,Rice,10.45,12,USA
2023-06-25,Rice,10.71,16,USA
2023-06-26,Rice,10.28,1,USA
2023-06-27,Rice,10.08,9,USA
2023-06-28,Rice,10.32,8,USA
2023-06-29,Rice,10.76,3,USA
2023-06-30,Rice,10.51,3,USA
2023-07-01,Rice,10.03,8,USA
2023-07-02,Rice,10.48,2,USA
2023-07-03,Rice,10.57,5,USA
2023-07-04,Rice,10.4,4,USA
2023-07-05,Rice,9.71,9,USA
2023-07-06,Rice,10.13,15,USA
2023-07-07,Rice,10.16,10,USA
2023-07-08,Rice,10.48,9,USA
2023-07-09,Rice,10.83,8,USA
2023-07-10,Rice,10.2,4,USA
2023-07-11,Rice,10.26,11,USA
2023-07-12,Rice,11.06,3,USA
2023-07-13,Rice,10.71,2,USA
2023-07-14,Rice,10.95,17,USA
2023-07-15,Rice,9.93,15,USA
2023-07-16,Rice,9.94,3,USA
2023-07-17,Rice,10.37,2,USA
2023-07-18,Rice,10.43,1,USA
2023-07-19,Rice,10.85,2,USA
2023-07-20,Rice,10.5,13,USA
2023-07-21,Rice,10.63,14,USA
2023-07-22,Rice,10.99,8,USA
2023-07-23,Rice,11.17,18,USA
2023-07-24,Rice,10.61,6,USA
2023-07-25,Rice,11.3,3,USA
2023-07-26,Rice,11.06,3,USA
2023-07-27,Rice,10.64,11,USA
2023-07-28,Rice,10.89,16,USA
2023-07-29,Rice,10.22,13,USA
2023-07-30,Rice,10.47,2,USA
2023-07-31,Rice,10.58,16,USA
2023-08-01,Rice,10.92,18,USA
2023-08-02,Rice,10.81,19,USA
2023-08-03,Rice,10.92,2,USA
2023-08-04,Rice,11.0,6,USA
2023-08-05,Rice,10.66,14,USA
2023-08-06,Rice,10.57,6,USA
2023-08-07,Rice,10.34,8,USA
2023-08-08,Rice,9.96,19,USA
2023-08-09,Rice,10.83,19,USA
2023-08-10,Rice,11.17,17,USA
2023-08-11,Rice,10.75,13,USA
2023-08-12,Rice,10.58,3,USA
2023-08-13,Rice,10.36,7,USA
2023-08-14,Rice,10.67,2,USA
2023-08-15,Rice,10.89,11,USA
2023-08-16,Rice,10.51,12,USA
2023-08-17,Rice,10.96,17,USA
2023-08-18,Rice,10.58,1,USA
2023-08-19,Rice,11.39,2,USA
2023-08-20,Rice,10.52,8,USA
2023-08-21,Rice,10.4,4,USA
2023-08-22,Rice,10.31,6,USA
2023-08-23,Rice,10.43,3,USA
2023-08-24,Rice,10.63,6,USA
2023-08-25,Rice,10.28,7,USA
2023-08-26,Rice,10.79,19,USA
2023-08-27,Rice,11.17,1,USA
2023-08-28,Rice,11.08,11,USA
2023-08-29,Rice,10.64,1,USA
2023-08-30,Rice,10.47,17,USA
2023-08-31,Rice,11.19,7,USA
2023-09-01,Rice,10.76,1,USA
2023-09-02,Rice,10.73,14,USA
2023-09-03,Rice,11.06,16,USA
2023-09-04,Rice,10.42,12,USA
2023-09-05,Rice,10.75,14,USA
2023-09-06,Rice,10.49,7,USA
2023-09-07,Rice,10.93,2,USA
2023-09-08,Rice,10.59,5,USA
2023-09-09,Rice,10.8,8,USA
2023-09-10,Rice,10.65,17,USA
2023-09-11,Rice,10.25,3,USA
2023-09-12,Rice,10.56,13,USA
2023-09-13,Rice,11.07,13,USA
2023-09-14,Rice,11.25,10,USA
2023-09-15,Rice,10.91,5,USA
2023-09-16,Rice,10.97,5,USA
2023-09-17,Rice,11.54,2,USA
2023-09-18,Rice,11.16,10,USA
2023-09-19,Rice,11.01,10,USA
2023-09-20,Rice,10.92,13,USA
2023-09-21,Rice,10.55,15,USA
2023-09-22,Rice,11.0,6,USA
2023-09-23,Rice,10.17,18,USA
2023-09-24,Rice,10.5,5,USA
2023-09-25,Rice,10.83,17,USA
2023-09-26,Rice,11.02,16,USA
2023-09-27,Rice,11.05,6,USA
2023-09-28,Rice,10.93,1,USA
2023-09-29,Rice,11.14,2,USA
2023-09-30,Rice,10.99,13,USA
2023-10-01,Rice,10.75,12,USA
2023-10-02,Rice,10.88,16,USA
2023-10-03,Rice,11.23,5,USA
2023-10-04,Rice,10.8,4,USA
2023-10-05,Rice,10.9,14,USA
2023-10-06,Rice,10.85,4,USA
2023-10-07,Rice,10.36,4,USA
2023-10-08,Rice,10.84,19,USA
2023-10-09,Rice,11.39,17,USA
2023-10-10,Rice,11.0,17,USA
2023-10-11,Rice,10.73,13,USA
2023-10-12,Rice,10.95,7,USA
2023-10-13,Rice,10.94,15,USA
2023-10-14,Rice,11.22,13,USA
2023-10-15,Rice,11.05,10,USA
2023-10-16,Rice,11.27,17,USA
2023-10-17,Rice,11.29,14,USA
2023-10-18,Rice,11.19,13,USA
2023-10-19,Rice,11.34,3,USA
2023-10-20,Rice,10.97,8,USA
2023-10-21,Rice,10.81,17,USA
2023-10-22,Rice,10.54,16,USA
2023-10-23,Rice,10.94,14,USA
2023-10-24,Rice,11.23,15,USA
2023-10-25,Rice,10.97,5,USA
2023-10-26,Rice,11.32,18,USA
2023-10-27,Rice,11.45,1,USA
2023-10-28,Rice,11.38,3,USA
2023-10-29,Rice,11.5,4,USA
2023-10-30,Rice,11.51,12,USA
2023-10-31,Rice,11.09,5,USA
2023-11-01,Rice,10.9,11,USA
2023-11-02,Rice,11.25,10,USA
2023-11-03,Rice,11.6,5,USA
2023-11-04,Rice,10.97,3,USA
2023-11-05,Rice,11.09,6,USA
2023-11-06,Rice,10.82,17,USA
2023-11-07,Rice,11.17,11,USA
2023-11-08,Rice,11.0,10,USA
2023-11-09,Rice,10.81,7,USA
2023-11-10,Rice,10.49,8,USA
2023-11-11,Rice,10.45,16,USA
2023-11-12,Rice,11.13,8,USA
2023-11-13,Rice,10.85,19,USA
2023-11-14,Rice,11.51,16,USA
2023-11-15,Rice,11.04,13,USA
2023-11-16,Rice,11.77,17,USA
2023-11-17,Rice,11.77,15,USA
2023-11-18,Rice,11.34,9,USA
2023-11-19,Rice,11.21,19,USA
2023-11-20,Rice,11.56,10,USA
2023-11-21,Rice,11.26,13,USA
2023-11-22,Rice,10.83,3,USA
2023-11-23,Rice,10.94,13,USA
2023-11-24,Rice,11.02,14,USA
2023-11-25,Rice,10.77,5,USA
2023-11-26,Rice,11.67,14,USA
2023-11-27,Rice,10.89,2,USA
2023-11-28,Rice,11.2,19,USA
2023-11-29,Rice,10.93,17,USA
2023-11-30,Rice,10.93,14,USA
2023-12-01,Rice,11.05,6,USA
2023-12-02,Rice,11.27,7,USA
2023-12-03,Rice,11.1,18,USA
2023-12-04,Rice,11.92,19,USA
2023-12-05,Rice,11.58,9,USA
2023-12-06,Rice,10.93,4,USA
2023-12-07,Rice,11.02,8,USA
2023-12-08,Rice,11.36,18,USA
2023-12-09,Rice,11.41,9,USA
2023-12-10,Rice,11.43,11,USA
2023-12-11,Rice,11.82,13,USA
2023-12-12,Rice,11.47,16,USA
2023-12-13,Rice,11.5,19,USA
2023-12-14,Rice,11.42,16,USA
2023-12-15,Rice,11.68,11,USA
2023-12-16,Rice,11.14,12,USA
2023-12-17,Rice,11.58,18,USA
2023-12-18,Rice,11.33,15,USA
2023-12-19,Rice,11.45,14,USA
2023-12-20,Rice,11.24,6,USA
2023-12-21,Rice,11.28,10,USA
2023-12-22,Rice,11.22,18,USA
2023-12-23,Rice,11.93,12,USA
2023-12-24,Rice,11.6,9,USA
2023-12-25,Rice,11.97,4,USA
2023-12-26,Rice,11.91,7,USA
2023-12-27,Rice,11.77,19,USA
2023-12-28,Rice,11.52,16,USA
2023-12-29,Rice,10.85,12,USA
2023-12-30,Rice,10.58,15,USA
2023-12-31,Rice,11.51,12,USA
2023-01-01,Tomatoes,7.45,6,USA
2023-01-02,Tomatoes,7.47,10,USA
2023-01-03,Tomatoes,7.3,18,USA
2023-01-04,Tomatoes,7.52,7,USA
2023-01-05,Tomatoes,7.68,2,USA
2023-01-06,Tomatoes,7.75,7,USA
2023-01-07,Tomatoes,7.04,12,USA
2023-01-08,Tomatoes,7.3,10,USA
2023-01-09,Tomatoes,7.01,7,USA
2023-01-10,Tomatoes,7.7,18,USA
2023-01-11,Tomatoes,7.84,12,USA
2023-01-12,Tomatoes,7.23,18,USA
2023-01-13,Tomatoes,7.86,15,USA
2023-01-14,Tomatoes,7.03,12,USA
2023-01-15,Tomatoes,7.34,5,USA
2023-01-16,Tomatoes,6.97,18,USA
2023-01-17,Tomatoes,7.18,11,USA
2023-01-18,Tomatoes,8.15,17,USA
2023-01-19,Tomatoes,7.26,15,USA
2023-01-20,Tomatoes,7.12,18,USA
2023-01-21,Tomatoes,7.66,10,USA
2023-01-22,Tomatoes,8.13,4,USA
2023-01-23,Tomatoes,7.0,9,USA
2023-01-24,Tomatoes,7.21,11,USA
2023-01-25,Tomatoes,7.72,8,USA
2023-01-26,Tomatoes,6.94,14,USA
2023-01-27,Tomatoes,7.28,7,USA
2023-01-28,Tomatoes,7.27,14,USA
2023-01-29,Tomatoes,7.58,6,USA
2023-01-30,Tomatoes,7.66,3,USA
2023-01-31,Tomatoes,7.44,18,USA
2023-02-01,Tomatoes,7.2,10,USA
2023-02-02,Tomatoes,7.76,3,USA
2023-02-03,Tomatoes,7.5,15,USA
2023-02-04,Tomatoes,7.58,11,USA
2023-02-05,Tomatoes,6.96,7,USA
2023-02-06,Tomatoes,7.62,16,USA
2023-02-07,Tomatoes,7.07,2,USA
2023-02-08,Tomatoes,7.62,3,USA
2023-02-09,Tomatoes,7.53,16,USA
2023-02-10,Tomatoes,7.52,13,USA
2023-02-11,Tomatoes,7.19,18,USA
2023-02-12,Tomatoes,7.53,14,USA
2023-02-13,Tomatoes,7.5,3,USA
2023-02-14,Tomatoes,7.46,3,USA
2023-02-15,Tomatoes,7.64,3,USA
2023-02-16,Tomatoes,7.47,9,USA
2023-02-17,Tomatoes,7.49,2,USA
2023-02-18,Tomatoes,7.08,19,USA
2023-02-19,Tomatoes,7.68,9,USA
2023-02-20,Tomatoes,7.87,14,USA
2023-02-21,Tomatoes,6.95,2,USA
2023-02-22,Tomatoes,6.95,14,USA
2023-02-23,Tomatoes,7.39,5,USA
2023-02-24,Tomatoes,7.49,10,USA
2023-02-25,Tomatoes,8.13,19,USA
2023-02-26,Tomatoes,8.09,17,USA
2023-02-27,Tomatoes,7.18,18,USA
2023-02-28,Tomatoes,6.92,12,USA
2023-03-01,Tomatoes,7.25,9,USA
2023-03-02,Tomatoes,8.11,9,USA
2023-03-03,Tomatoes,7.72,17,USA
2023-03-04,Tomatoes,7.07,19,USA
2023-03-05,Tomatoes,7.52,5,USA
2023-03-06,Tomatoes,7.53,8,USA
2023-03-07,Tomatoes,7.29,11,USA
2023-03-08,Tomatoes,7.73,5,USA
2023-03-09,Tomatoes,8.02,17,USA
2023-03-10,Tomatoes,7.57,5,USA
2023-03-11,Tomatoes,7.8,1,USA
2023-03-12,Tomatoes,8.15,3,USA
2023-03-13,Tomatoes,7.72,3,USA
2023-03-14,Tomatoes,7.41,2,USA
2023-03-15,Tomatoes,7.78,6,USA
2023-03-16,Tomatoes,7.9,19,USA
2023-03-17,Tomatoes,8.09,5,USA
2023-03-18,Tomatoes,7.55,6,USA
2023-03-19,Tomatoes,7.93,14,USA
2023-03-20,Tomatoes,7.7,16,USA
2023-03-21,Tomatoes,6.84,18,USA
2023-03-22,Tomatoes,7.6,2,USA
2023-03-23,Tomatoes,7.83,8,USA
2023-03-24,Tomatoes,7.7,13,USA
2023-03-25,Tomatoes,7.25,14,USA
2023-03-26,Tomatoes,8.05,13,USA
2023-03-27,Tomatoes,7.35,18,USA
2023-03-28,Tomatoes,7.95,2,USA
2023-03-29,Tomatoes,8.22,9,USA
2023-03-30,Tomatoes,7.52,14,USA
2023-03-31,Tomatoes,7.92,3,USA
2023-04-01,Tomatoes,7.21,10,USA
2023-04-02,Tomatoes,7.98,10,USA
2023-04-03,Tomatoes,7.61,7,USA
2023-04-04,Tomatoes,7.31,13,USA
2023-04-05,Tomatoes,7.43,9,USA
2023-04-06,Tomatoes,7.56,3,USA
2023-04-07,Tomatoes,7.68,19,USA
2023-04-08,Tomatoes,7.58,9,USA
2023-04-09,Tomatoes,7.98,13,USA
2023-04-10,Tomatoes,7.81,7,USA
2023-04-11,Tomatoes,8.1,17,USA
2023-04-12,Tomatoes,7.8,8,USA
2023-04-13,Tomatoes,8.02,14,USA
2023-04-14,Tomatoes,7.96,12,USA
2023-04-15,Tomatoes,8.24,2,USA
2023-04-16,Tomatoes,7.53,10,USA
2023-04-17,Tomatoes,7.81,15,USA
2023-04-18,Tomatoes,7.76,2,USA
2023-04-19,Tomatoes,8.05,16,USA
2023-04-20,Tomatoes,7.5,12,USA
2023-04-21,Tomatoes,8.05,13,USA
2023-04-22,Tomatoes,7.58,14,USA
2023-04-23,Tomatoes,7.97,2,USA
2023-04-24,Tomatoes,7.88,11,USA
2023-04-25,Tomatoes,8.03,1,USA
2023-04-26,Tomatoes,7.82,15,USA
2023-04-27,Tomatoes,7.73,12,USA
2023-04-28,Tomatoes,7.89,5,USA
2023-04-29,Tomatoes,8.38,4,USA
2023-04-30,Tomatoes,7.18,4,USA
2023-05-01,Tomatoes,7.58,15,USA
2023-05-02,Tomatoes,7.72,15,USA
2023-05-03,Tomatoes,8.19,9,USA
2023-05-04,Tomatoes,8.9,17,USA
2023-05-05,Tomatoes,7.9,7,USA
2023-05-06,Tomatoes,8.02,4,USA
2023-05-07,Tomatoes,7.96,5,USA
2023-05-08,Tomatoes,8.39,1,USA
2023-05-09,Tomatoes,8.29,1,USA
2023-05-10,Tomatoes,7.9,1,USA
2023-05-11,Tomatoes,8.04,11,USA
2023-05-12,Tomatoes,8.67,6,USA
2023-05-13,Tomatoes,8.16,15,USA
2023-05-14,Tomatoes,8.25,12,USA
2023-05-15,Tomatoes,8.2,18,USA
2023-05-16,Tomatoes,8.03,4,USA
2023-05-17,Tomatoes,7.73,12,USA
2023-05-18,Tomatoes,8.56,1,USA
2023-05-19,Tomatoes,8.18,10,USA
2023-05-20,Tomatoes,7.92,7,USA
2023-05-21,Tomatoes,7.95,1,USA
2023-05-22,Tomatoes,7.4,17,USA
2023-05-23,Tomatoes,8.15,3,USA
2023-05-24,Tomatoes,8.1,4,USA
2023-05-25,Tomatoes,8.28,2,USA
2023-05-26,Tomatoes,7.86,1,USA
2023-05-27,Tomatoes,8.06,12,USA
2023-05-28,Tomatoes,7.88,9,USA
2023-05-29,Tomatoes,8.26,1,USA
2023-05-30,Tomatoes,8.13,5,USA
2023-05-31,Tomatoes,7.72,3,USA
2023-06-01,Tomatoes,8.2,3,USA
2023-06-02,Tomatoes,7.6,15,USA
2023-06-03,Tomatoes,8.61,9,USA
2023-06-04,Tomatoes,8.13,12,USA
2023-06-05,Tomatoes,8.38,19,USA
2023-06-06,Tomatoes,8.15,4,USA
2023-06-07,Tomatoes,8.2,3,USA
2023-06-08,Tomatoes,8.43,11,USA
2023-06-09,Tomatoes,7.93,17,USA
2023-06-10,Tomatoes,8.22,5,USA
2023-06-11,Tomatoes,7.95,16,USA
2023-06-12,Tomatoes,7.81,3,USA
2023-06-13,Tomatoes,7.83,18,USA
2023-06-14,Tomatoes,7.99,14,USA
2023-06-15,Tomatoes,8.11,18,USA
2023-06-16,Tomatoes,8.25,7,USA
2023-06-17,Tomatoes,8.27,18,USA
2023-06-18,Tomatoes,8.79,5,USA
2023-06-19,Tomatoes,8.63,8,USA
2023-06-20,Tomatoes,8.21,11,USA
2023-06-21,Tomatoes,7.99,1,USA
2023-06-22,Tomatoes,7.72,19,USA
2023-06-23,Tomatoes,8.06,5,USA
2023-06-24,Tomatoes,7.92,19,USA
2023-06-25,Tomatoes,7.91,4,USA
2023-06-26,Tomatoes,8.51,8,USA
2023-06-27,Tomatoes,7.65,12,USA
2023-06-28,Tomatoes,8.32,5,USA
2023-06-29,Tomatoes,8.48,10,USA
2023-06-30,Tomatoes,8.3,14,USA
2023-07-01,Tomatoes,8.39,5,USA
2023-07-02,Tomatoes,7.55,16,USA
2023-07-03,Tomatoes,8.57,1,USA
2023-07-04,Tomatoes,8.47,18,USA
2023-07-05,Tomatoes,8.37,1,USA
2023-07-06,Tomatoes,8.32,1,USA
2023-07-07,Tomatoes,8.12,3,USA
2023-07-08,Tomatoes,8.63,9,USA
2023-07-09,Tomatoes,8.05,18,USA
2023-07-10,Tomatoes,8.94,14,USA
2023-07-11,Tomatoes,8.21,11,USA
2023-07-12,Tomatoes,8.05,16,USA
2023-07-13,Tomatoes,7.85,8,USA
2023-07-14,Tomatoes,8.22,1,USA
2023-07-15,Tomatoes,8.03,4,USA
2023-07-16,Tomatoes,8.22,1,USA
2023-07-17,Tomatoes,8.28,8,USA
2023-07-18,Tomatoes,8.29,6,USA
2023-07-19,Tomatoes,8.72,16,USA
2023-07-20,Tomatoes,8.23,17,USA
2023-07-21,Tomatoes,8.75,12,USA
2023-07-22,Tomatoes,8.4,16,USA
2023-07-23,Tomatoes,8.27,15,USA
2023-07-24,Tomatoes,8.86,17,USA
2023-07-25,Tomatoes,8.44,5,USA
2023-07-26,Tomatoes,9.12,18,USA
2023-07-27,Tomatoes,8.3,18,USA
2023-07-28,Tomatoes,8.37,11,USA
2023-07-29,Tomatoes,8.27,12,USA
2023-07-30,Tomatoes,8.87,7,USA
2023-07-31,Tomatoes,8.32,2,USA
2023-08-01,Tomatoes,8.54,4,USA
2023-08-02,Tomatoes,8.45,2,USA
2023-08-03,Tomatoes,8.29,16,USA
2023-08-04,Tomatoes,8.43,2,USA
2023-08-05,Tomatoes,8.51,12,USA
2023-08-06,Tomatoes,8.52,18,USA
2023-08-07,Tomatoes,7.87,5,USA
2023-08-08,Tomatoes,8.73,2,USA
2023-08-09,Tomatoes,8.42,16,USA
2023-08-10,Tomatoes,8.26,18,USA
2023-08-11,Tomatoes,8.24,4,USA
2023-08-12,Tomatoes,8.21,17,USA
2023-08-13,Tomatoes,8.5,18,USA
2023-08-14,Tomatoes,8.21,18,USA
2023-08-15,Tomatoes,8.53,10,USA
2023-08-16,Tomatoes,8.49,10,USA
2023-08-17,Tomatoes,7.91,7,USA
2023-08-18,Tomatoes,8.92,7,USA
2023-08-19,Tomatoes,8.7,13,USA
2023-08-20,Tomatoes,8.93,15,USA
2023-08-21,Tomatoes,8.23,8,USA
2023-08-22,Tomatoes,8.86,15,USA
2023-08-23,Tomatoes,8.7,15,USA
2023-08-24,Tomatoes,9.05,5,USA
2023-08-25,Tomatoes,8.73,1,USA
2023-08-26,Tomatoes,8.08,7,USA
2023-08-27,Tomatoes,8.55,12,USA
2023-08-28,Tomatoes,8.47,13,USA
2023-08-29,Tomatoes,8.51,15,USA
2023-08-30,Tomatoes,8.53,12,USA
2023-08-31,Tomatoes,8.9,5,USA
2023-09-01,Tomatoes,8.28,1,USA
2023-09-02,Tomatoes,8.27,18,USA
2023-09-03,Tomatoes,8.77,15,USA
2023-09-04,Tomatoes,7.93,11,USA
2023-09-05,Tomatoes,8.76,1,USA
2023-09-06,Tomatoes,8.45,5,USA
2023-09-07,Tomatoes,8.87,4,USA
2023-09-08,Tomatoes,8.49,10,USA
2023-09-09,Tomatoes,8.78,4,USA
2023-09-10,Tomatoes,8.13,8,USA
2023-09-11,Tomatoes,8.49,9,USA
2023-09-12,Tomatoes,8.47,14,USA
2023-09-13,Tomatoes,8.63,12,USA
2023-09-14,Tomatoes,8.71,3,USA
2023-09-15,Tomatoes,9.25,11,USA
2023-09-16,Tomatoes,8.59,11,USA
2023-09-17,Tomatoes,8.18,17,USA
2023-09-18,Tomatoes,9.03,5,USA
2023-09-19,Tomatoes,8.98,15,USA
2023-09-20,Tomatoes,8.8,1,USA
2023-09-21,Tomatoes,8.97,8,USA
2023-09-22,Tomatoes,8.65,5,USA
2023-09-23,Tomatoes,8.71,8,USA
2023-09-24,Tomatoes,8.71,17,USA
2023-09-25,Tomatoes,8.46,2,USA
2023-09-26,Tomatoes,9.04,2,USA
2023-09-27,Tomatoes,8.81,5,USA
2023-09-28,Tomatoes,8.68,1,USA
2023-09-29,Tomatoes,8.62,7,USA
2023-09-30,Tomatoes,8.29,18,USA
2023-10-01,Tomatoes,8.63,15,USA
2023-10-02,Tomatoes,8.96,18,USA
2023-10-03,Tomatoes,8.5,13,USA
2023-10-04,Tomatoes,9.24,13,USA
2023-10-05,Tomatoes,8.62,19,USA
2023-10-06,Tomatoes,8.79,12,USA
2023-10-07,Tomatoes,8.94,10,USA
2023-10-08,Tomatoes,8.78,19,USA
2023-10-09,Tomatoes,8.81,12,USA
2023-10-10,Tomatoes,8.82,17,USA
2023-10-11,Tomatoes,8.75,16,USA
2023-10-12,Tomatoes,8.89,4,USA
2023-10-13,Tomatoes,8.68,13,USA
2023-10-14,Tomatoes,8.6,17,USA
2023-10-15,Tomatoes,8.69,13,USA
2023-10-16,Tomatoes,8.62,16,USA
2023-10-17,Tomatoes,8.88,18,USA
2023-10-18,Tomatoes,8.72,7,USA
2023-10-19,Tomatoes,8.59,10,USA
2023-10-20,Tomatoes,8.85,11,USA
2023-10-21,Tomatoes,8.93,15,USA
2023-10-22,Tomatoes,9.17,3,USA
2023-10-23,Tomatoes,8.68,18,USA
2023-10-24,Tomatoes,8.96,2,USA
2023-10-25,Tomatoes,8.76,17,USA
2023-10-26,Tomatoes,9.37,7,USA
2023-10-27,Tomatoes,9.03,18,USA
2023-10-28,Tomatoes,8.75,16,USA
2023-10-29,Tomatoes,8.75,19,USA
2023-10-30,Tomatoes,9.63,4,USA
2023-10-31,Tomatoes,8.96,19,USA
2023-11-01,Tomatoes,9.29,7,USA
2023-11-02,Tomatoes,9.23,7,USA
2023-11-03,Tomatoes,8.52,3,USA
2023-11-04,Tomatoes,8.78,5,USA
2023-11-05,Tomatoes,8.82,8,USA
2023-11-06,Tomatoes,8.6,17,USA
2023-11-07,Tomatoes,8.5,1,USA
2023-11-08,Tomatoes,8.48,7,USA
2023-11-09,Tomatoes,8.78,2,USA
2023-11-10,Tomatoes,8.04,14,USA
2023-11-11,Tomatoes,8.68,10,USA
2023-11-12,Tomatoes,8.84,15,USA
2023-11-13,Tomatoes,9.03,3,USA
2023-11-14,Tomatoes,8.83,16,USA
2023-11-15,Tomatoes,8.54,11,USA
2023-11-16,Tomatoes,9.02,1,USA
2023-11-17,Tomatoes,8.76,13,USA
2023-11-18,Tomatoes,8.76,14,USA
2023-11-19,Tomatoes,9.33,5,USA
2023-11-20,Tomatoes,8.89,6,USA
2023-11-21,Tomatoes,9.15,19,USA
2023-11-22,Tomatoes,9.17,6,USA
2023-11-23,Tomatoes,9.49,18,USA
2023-11-24,Tomatoes,8.94,19,USA
2023-11-25,Tomatoes,9.44,14,USA
2023-11-26,Tomatoes,9.14,8,USA
2023-11-27,Tomatoes,9.19,12,USA
2023-11-28,Tomatoes,9.25,4,USA
2023-11-29,Tomatoes,9.15,12,USA
2023-11-30,Tomatoes,9.12,13,USA
2023-12-01,Tomatoes,9.33,5,USA
2023-12-02,Tomatoes,9.36,1,USA
2023-12-03,Tomatoes,9.67,17,USA
2023-12-04,Tomatoes,8.88,10,USA
2023-12-05,Tomatoes,9.75,18,USA
2023-12-06,Tomatoes,9.88,7,USA
2023-12-07,Tomatoes,9.58,19,USA
2023-12-08,Tomatoes,9.08,11,USA
2023-12-09,Tomatoes,9.34,13,USA
2023-12-10,Tomatoes,8.73,17,USA
2023-12-11,Tomatoes,8.47,17,USA
2023-12-12,Tomatoes,9.0,9,USA
2023-12-13,Tomatoes,9.51,4,USA
2023-12-14,Tomatoes,9.01,12,USA
2023-12-15,Tomatoes,9.08,1,USA
2023-12-16,Tomatoes,9.43,7,USA
2023-12-17,Tomatoes,9.47,4,USA
2023-12-18,Tomatoes,8.77,7,USA
2023-12-19,Tomatoes,9.36,6,USA
2023-12-20,Tomatoes,9.1,17,USA
2023-12-21,Tomatoes,9.81,1,USA
2023-12-22,Tomatoes,9.11,7,USA
2023-12-23,Tomatoes,8.92,1,USA
2023-12-24,Tomatoes,9.69,9,USA
2023-12-25,Tomatoes,9.28,5,USA
2023-12-26,Tomatoes,8.9,2,USA
2023-12-27,Tomatoes,9.28,11,USA
2023-12-28,Tomatoes,9.01,10,USA
2023-12-29,Tomatoes,9.44,14,USA
2023-12-30,Tomatoes,8.94,15,USA
2023-12-31,Tomatoes,9.5,10,USA
2023-01-01,Apples,5.35,9,USA
2023-01-02,Apples,5.6,18,USA
2023-01-03,Apples,6.09,7,USA
2023-01-04,Apples,5.56,3,USA
2023-01-05,Apples,5.76,12,USA
2023-01-06,Apples,5.25,18,USA
2023-01-07,Apples,5.7,3,USA
2023-01-08,Apples,5.42,12,USA
2023-01-09,Apples,6.11,18,USA
2023-01-10,Apples,5.81,17,USA
2023-01-11,Apples,4.97,17,USA
2023-01-12,Apples,5.91,14,USA
2023-01-13,Apples,5.7,15,USA
2023-01-14,Apples,6.11,16,USA
2023-01-15,Apples,5.43,9,USA
2023-01-16,Apples,6.43,2,USA
2023-01-17,Apples,5.28,9,USA
2023-01-18,Apples,6.31,4,USA
2023-01-19,Apples,5.71,6,USA
2023-01-20,Apples,5.14,2,USA
2023-01-21,Apples,5.74,2,USA
2023-01-22,Apples,6.18,16,USA
2023-01-23,Apples,5.74,18,USA
2023-01-24,Apples,6.01,17,USA
2023-01-25,Apples,5.82,17,USA
2023-01-26,Apples,6.03,11,USA
2023-01-27,Apples,6.44,18,USA
2023-01-28,Apples,5.38,14,USA
2023-01-29,Apples,6.03,9,USA
2023-01-30,Apples,5.82,9,USA
2023-01-31,Apples,6.0,1,USA
2023-02-01,Apples,5.57,10,USA
2023-02-02,Apples,5.98,3,USA
2023-02-03,Apples,6.28,8,USA
2023-02-04,Apples,6.06,17,USA
2023-02-05,Apples,5.88,16,USA
2023-02-06,Apples,5.9,9,USA
2023-02-07,Apples,6.52,12,USA
2023-02-08,Apples,6.35,15,USA
2023-02-09,Apples,5.95,15,USA
2023-02-10,Apples,5.47,18,USA
2023-02-11,Apples,5.8,12,USA
2023-02-12,Apples,5.84,8,USA
2023-02-13,Apples,6.25,17,USA
2023-02-14,Apples,6.27,15,USA
2023-02-15,Apples,5.78,3,USA
2023-02-16,Apples,5.91,3,USA
2023-02-17,Apples,6.38,18,USA
2023-02-18,Apples,6.06,15,USA
2023-02-19,Apples,5.87,15,USA
2023-02-20,Apples,6.05,8,USA
2023-02-21,Apples,5.67,13,USA
2023-02-22,Apples,5.52,6,USA
2023-02-23,Apples,5.8,9,USA
2023-02-24,Apples,6.08,15,USA
2023-02-25,Apples,5.89,2,USA
2023-02-26,Apples,5.91,18,USA
2023-02-27,Apples,6.08,2,USA
2023-02-28,Apples,6.19,10,USA
2023-03-01,Apples,5.6,14,USA
2023-03-02,Apples,6.06,9,USA
2023-03-03,Apples,6.24,17,USA
2023-03-04,Apples,6.3,10,USA
2023-03-05,Apples,6.22,12,USA
2023-03-06,Apples,5.97,15,USA
2023-03-07,Apples,6.05,19,USA
2023-03-08,Apples,6.57,19,USA
2023-03-09,Apples,5.81,12,USA
2023-03-10,Apples,5.16,14,USA
2023-03-11,Apples,5.78,5,USA
2023-03-12,Apples,5.93,3,USA
2023-03-13,Apples,6.04,7,USA
2023-03-14,Apples,6.23,14,USA
2023-03-15,Apples,6.52,12,USA
2023-03-16,Apples,5.62,5,USA
2023-03-17,Apples,6.27,1,USA
2023-03-18,Apples,5.73,7,USA
2023-03-19,Apples,6.17,2,USA
2023-03-20,Apples,6.34,12,USA
2023-03-21,Apples,6.2,9,USA
2023-03-22,Apples,6.03,11,USA
2023-03-23,Apples,6.09,17,USA
2023-03-24,Apples,6.18,4,USA
2023-03-25,Apples,6.23,18,USA
2023-03-26,Apples,6.33,13,USA
2023-03-27,Apples,6.41,4,USA
2023-03-28,Apples,6.27,16,USA
2023-03-29,Apples,6.06,7,USA
2023-03-30,Apples,6.1,9,USA
2023-03-31,Apples,6.27,2,USA
2023-04-01,Apples,6.28,9,USA
2023-04-02,Apples,6.17,8,USA
2023-04-03,Apples,6.12,11,USA
2023-04-04,Apples,5.97,5,USA
2023-04-05,Apples,6.01,11,USA
2023-04-06,Apples,6.14,1,USA
2023-04-07,Apples,6.24,11,USA
2023-04-08,Apples,6.27,13,USA
2023-04-09,Apples,6.26,7,USA
2023-04-10,Apples,6.26,18,USA
2023-04-11,Apples,6.12,3,USA
2023-04-12,Apples,6.57,2,USA
2023-04-13,Apples,6.06,19,USA
2023-04-14,Apples,6.36,11,USA
2023-04-15,Apples,6.53,10,USA
2023-04-16,Apples,5.91,4,USA
2023-04-17,Apples,6.37,16,USA
2023-04-18,Apples,6.58,4,USA
2023-04-19,Apples,6.13,18,USA
2023-04-20,Apples,6.37,18,USA
2023-04-21,Apples,6.14,18,USA
2023-04-22,Apples,6.12,14,USA
2023-04-23,Apples,7.06,17,USA
2023-04-24,Apples,6.33,19,USA
2023-04-25,Apples,6.56,7,USA
2023-04-26,Apples,6.29,17,USA
2023-04-27,Apples,6.35,6,USA
2023-04-28,Apples,6.55,2,USA
2023-04-29,Apples,6.45,12,USA
2023-04-30,Apples,6.15,14,USA
2023-05-01,Apples,6.08,2,USA
2023-05-02,Apples,6.53,10,USA
2023-05-03,Apples,6.53,16,USA
2023-05-04,Apples,5.93,6,USA
2023-05-05,Apples,7.01,8,USA
2023-05-06,Apples,5.98,9,USA
2023-05-07,Apples,6.31,18,USA
2023-05-08,Apples,6.28,13,USA
2023-05-09,Apples,6.43,14,USA
2023-05-10,Apples,6.86,6,USA
2023-05-11,Apples,6.36,14,USA
2023-05-12,Apples,5.9,8,USA
2023-05-13,Apples,6.44,9,USA
2023-05-14,Apples,6.23,4,USA
2023-05-15,Apples,6.72,19,USA
2023-05-16,Apples,6.54,5,USA
2023-05-17,Apples,6.86,7,USA
2023-05-18,Apples,6.3,4,USA
2023-05-19,Apples,6.58,4,USA
2023-05-20,Apples,6.77,9,USA
2023-05-21,Apples,6.57,8,USA
2023-05-22,Apples,6.27,10,USA
2023-05-23,Apples,6.34,10,USA
2023-05-24,Apples,6.32,6,USA
2023-05-25,Apples,6.66,14,USA
2023-05-26,Apples,7.07,8,USA
2023-05-27,Apples,6.3,14,USA
2023-05-28,Apples,6.98,8,USA
2023-05-29,Apples,5.92,6,USA
2023-05-30,Apples,6.22,13,USA
2023-05-31,Apples,6.53,2,USA
2023-06-01,Apples,6.77,17,USA
2023-06-02,Apples,6.98,18,USA
2023-06-03,Apples,6.12,8,USA
2023-06-04,Apples,6.33,2,USA
2023-06-05,Apples,6.43,13,USA
2023-06-06,Apples,6.6,19,USA
2023-06-07,Apples,6.83,12,USA
2023-06-08,Apples,6.49,18,USA
2023-06-09,Apples,6.07,12,USA
2023-06-10,Apples,6.91,9,USA
2023-06-11,Apples,6.59,2,USA
2023-06-12,Apples,6.63,2,USA
2023-06-13,Apples,6.67,8,USA
2023-06-14,Apples,6.69,18,USA
2023-06-15,Apples,7.0,9,USA
2023-06-16,Apples,6.56,11,USA
2023-06-17,Apples,6.47,11,USA
2023-06-18,Apples,6.57,17,USA
2023-06-19,Apples,6.39,2,USA
2023-06-20,Apples,6.83,4,USA
2023-06-21,Apples,6.64,2,USA
2023-06-22,Apples,6.22,8,USA
2023-06-23,Apples,6.67,1,USA
2023-06-24,Apples,6.47,3,USA
2023-06-25,Apples,6.71,4,USA
2023-06-26,Apples,6.4,2,USA
2023-06-27,Apples,6.63,18,USA
2023-06-28,Apples,6.77,3,USA
2023-06-29,Apples,6.43,11,USA
2023-06-30,Apples,6.72,10,USA
2023-07-01,Apples,6.89,5,USA
2023-07-02,Apples,6.79,6,USA
2023-07-03,Apples,6.72,1,USA
2023-07-04,Apples,6.44,18,USA
2023-07-05,Apples,6.84,5,USA
2023-07-06,Apples,6.65,16,USA
2023-07-07,Apples,6.63,13,USA
2023-07-08,Apples,6.65,5,USA
2023-07-09,Apples,6.21,5,USA
2023-07-10,Apples,6.6,18,USA
2023-07-11,Apples,6.54,16,USA
2023-07-12,Apples,6.35,5,USA
2023-07-13,Apples,7.18,7,USA
2023-07-14,Apples,6.55,13,USA
2023-07-15,Apples,6.38,7,USA
2023-07-16,Apples,6.92,16,USA
2023-07-17,Apples,6.27,5,USA
2023-07-18,Apples,6.61,16,USA
2023-07-19,Apples,7.15,5,USA
2023-07-20,Apples,6.48,19,USA
2023-07-21,Apples,6.73,8,USA
2023-07-22,Apples,6.44,5,USA
2023-07-23,Apples,6.49,15,USA
2023-07-24,Apples,6.33,8,USA
2023-07-25,Apples,6.54,3,USA
2023-07-26,Apples,6.85,19,USA
2023-07-27,Apples,7.47,7,USA
2023-07-28,Apples,7.22,14,USA
2023-07-29,Apples,6.68,15,USA
2023-07-30,Apples,6.83,11,USA
2023-07-31,Apples,6.72,7,USA
2023-08-01,Apples,6.82,2,USA
2023-08-02,Apples,6.77,7,USA
2023-08-03,Apples,6.85,19,USA
2023-08-04,Apples,6.35,15,USA
2023-08-05,Apples,7.32,5,USA
2023-08-06,Apples,6.91,6,USA
2023-08-07,Apples,7.63,3,USA
2023-08-08,Apples,7.0,18,USA
2023-08-09,Apples,7.15,5,USA
2023-08-10,Apples,6.82,8,USA
2023-08-11,Apples,6.97,8,USA
2023-08-12,Apples,7.03,2,USA
2023-08-13,Apples,7.48,15,USA
2023-08-14,Apples,7.37,11,USA
2023-08-15,Apples,6.99,1,USA
2023-08-16,Apples,7.22,4,USA
2023-08-17,Apples,6.69,6,USA
2023-08-18,Apples,6.57,16,USA
2023-08-19,Apples,7.04,6,USA
2023-08-20,Apples,7.13,9,USA
2023-08-21,Apples,6.93,12,USA
2023-08-22,Apples,7.04,2,USA
2023-08-23,Apples,7.3,19,USA
2023-08-24,Apples,6.7,14,USA
2023-08-25,Apples,7.2,13,USA
2023-08-26,Apples,6.92,16,USA
2023-08-27,Apples,7.02,16,USA
2023-08-28,Apples,6.9,6,USA
2023-08-29,Apples,7.1,6,USA
2023-08-30,Apples,7.5,1,USA
2023-08-31,Apples,6.63,10,USA
2023-09-01,Apples,7.17,10,USA
2023-09-02,Apples,7.2,18,USA
2023-09-03,Apples,7.47,15,USA
2023-09-04,Apples,7.14,7,USA
2023-09-05,Apples,6.59,4,USA
2023-09-06,Apples,7.65,11,USA
2023-09-07,Apples,7.09,12,USA
2023-09-08,Apples,7.11,19,USA
2023-09-09,Apples,7.17,6,USA
2023-09-10,Apples,7.11,3,USA
2023-09-11,Apples,6.91,6,USA
2023-09-12,Apples,7.01,18,USA
2023-09-13,Apples,7.36,3,USA
2023-09-14,Apples,7.26,4,USA
2023-09-15,Apples,6.92,13,USA
2023-09-16,Apples,6.96,7,USA
2023-09-17,Apples,6.93,12,USA
2023-09-18,Apples,7.04,15,USA
2023-09-19,Apples,7.29,6,USA
2023-09-20,Apples,7.09,4,USA
2023-09-21,Apples,7.05,6,USA
2023-09-22,Apples,7.1,9,USA
2023-09-23,Apples,7.34,4,USA
2023-09-24,Apples,6.99,2,USA
2023-09-25,Apples,7.3,8,USA
2023-09-26,Apples,6.86,11,USA
2023-09-27,Apples,7.27,1,USA
2023-09-28,Apples,7.35,2,USA
2023-09-29,Apples,6.96,8,USA
2023-09-30,Apples,7.08,14,USA
2023-10-01,Apples,7.03,16,USA
2023-10-02,Apples,6.71,11,USA
2023-10-03,Apples,7.5,9,USA
2023-10-04,Apples,7.1,8,USA
2023-10-05,Apples,7.26,16,USA
2023-10-06,Apples,7.32,6,USA
2023-10-07,Apples,7.4,11,USA
2023-10-08,Apples,7.27,4,USA
2023-10-09,Apples,7.29,16,USA
2023-10-10,Apples,7.4,8,USA
2023-10-11,Apples,7.35,2,USA
2023-10-12,Apples,6.99,11,USA
2023-10-13,Apples,6.93,1,USA
2023-10-14,Apples,7.0,8,USA
2023-10-15,Apples,7.58,17,USA
2023-10-16,Apples,7.33,17,USA
2023-10-17,Apples,6.77,19,USA
2023-10-18,Apples,7.44,13,USA
2023-10-19,Apples,7.01,9,USA
2023-10-20,Apples,7.16,12,USA
2023-10-21,Apples,7.51,2,USA
2023-10-22,Apples,7.55,4,USA
2023-10-23,Apples,7.18,6,USA
2023-10-24,Apples,7.53,6,USA
2023-10-25,Apples,6.9,5,USA
2023-10-26,Apples,7.26,13,USA
2023-10-27,Apples,7.27,9,USA
2023-10-28,Apples,7.46,18,USA
2023-10-29,Apples,7.2,11,USA
2023-10-30,Apples,6.99,4,USA
2023-10-31,Apples,7.54,1,USA
2023-11-01,Apples,7.66,8,USA
2023-11-02,Apples,7.25,19,USA
2023-11-03,Apples,7.38,9,USA
2023-11-04,Apples,7.15,3,USA
2023-11-05,Apples,7.49,10,USA
2023-11-06,Apples,7.53,7,USA
2023-11-07,Apples,6.59,3,USA
2023-11-08,Apples,7.46,5,USA
2023-11-09,Apples,7.28,5,USA
2023-11-10,Apples,7.05,1,USA
2023-11-11,Apples,6.99,13,USA
2023-11-12,Apples,7.62,2,USA
2023-11-13,Apples,7.22,17,USA
2023-11-14,Apples,7.15,8,USA
2023-11-15,Apples,7.43,6,USA
2023-11-16,Apples,7.33,13,USA
2023-11-17,Apples,7.35,8,USA
2023-11-18,Apples,7.49,4,USA
2023-11-19,Apples,7.29,2,USA
2023-11-20,Apples,7.7,7,USA
2023-11-21,Apples,7.44,8,USA
2023-11-22,Apples,7.09,8,USA
2023-11-23,Apples,7.14,11,USA
2023-11-24,Apples,7.39,19,USA
2023-11-25,Apples,7.32,18,USA
2023-11-26,Apples,7.37,8,USA
2023-11-27,Apples,7.72,10,USA
2023-11-28,Apples,7.59,11,USA
2023-11-29,Apples,7.24,18,USA
2023-11-30,Apples,7.35,12,USA
2023-12-01,Apples,7.36,9,USA
2023-12-02,Apples,7.11,13,USA
2023-12-03,Apples,7.23,12,USA
2023-12-04,Apples,7.53,1,USA
2023-12-05,Apples,7.9,11,USA
2023-12-06,Apples,7.84,11,USA
2023-12-07,Apples,7.72,4,USA
2023-12-08,Apples,7.8,6,USA
2023-12-09,Apples,7.85,11,USA
2023-12-10,Apples,7.77,1,USA
2023-12-11,Apples,7.87,16,USA
2023-12-12,Apples,7.31,12,USA
2023-12-13,Apples,7.68,3,USA
2023-12-14,Apples,7.32,4,USA
2023-12-15,Apples,7.36,12,USA
2023-12-16,Apples,7.15,13,USA
2023-12-17,Apples,7.49,17,USA
2023-12-18,Apples,7.4,11,USA
2023-12-19,Apples,7.77,16,USA
2023-12-20,Apples,7.55,14,USA
2023-12-21,Apples,7.47,5,USA
2023-12-22,Apples,7.6,6,USA
2023-12-23,Apples,8.08,14,USA
2023-12-24,Apples,7.26,2,USA
2023-12-25,Apples,7.56,4,USA
2023-12-26,Apples,7.87,3,USA
2023-12-27,Apples,7.47,14,USA
2023-12-28,Apples,7.51,4,USA
2023-12-29,Apples,7.61,14,USA
2023-12-30,Apples,7.75,8,USA
2023-12-31,Apples,7.56,19,USA
2023-01-01,Cheese,6.36,4,USA
2023-01-02,Cheese,6.19,14,USA
2023-01-03,Cheese,6.0,19,USA
2023-01-04,Cheese,6.29,4,USA
2023-01-05,Cheese,6.47,15,USA
2023-01-06,Cheese,6.57,8,USA
2023-01-07,Cheese,5.88,4,USA
2023-01-08,Cheese,6.17,3,USA
2023-01-09,Cheese,6.43,18,USA
2023-01-10,Cheese,6.76,16,USA
2023-01-11,Cheese,5.81,7,USA
2023-01-12,Cheese,6.75,4,USA
2023-01-13,Cheese,5.99,12,USA
2023-01-14,Cheese,6.59,11,USA
2023-01-15,Cheese,6.34,11,USA
2023-01-16,Cheese,6.64,15,USA
2023-01-17,Cheese,6.4,12,USA
2023-01-18,Cheese,6.12,6,USA
2023-01-19,Cheese,6.07,15,USA
2023-01-20,Cheese,6.62,2,USA
2023-01-21,Cheese,6.55,7,USA
2023-01-22,Cheese,6.11,18,USA
2023-01-23,Cheese,6.26,2,USA
2023-01-24,Cheese,6.39,12,USA
2023-01-25,Cheese,6.12,1,USA
2023-01-26,Cheese,6.09,18,USA
2023-01-27,Cheese,5.79,6,USA
2023-01-28,Cheese,6.13,12,USA
2023-01-29,Cheese,6.49,3,USA
2023-01-30,Cheese,5.77,17,USA
2023-01-31,Cheese,6.7,13,USA
2023-02-01,Cheese,6.25,16,USA
2023-02-02,Cheese,6.25,10,USA
2023-02-03,Cheese,6.32,12,USA
2023-02-04,Cheese,6.08,16,USA
2023-02-05,Cheese,7.03,5,USA
2023-02-06,Cheese,6.01,13,USA
2023-02-07,Cheese,6.72,3,USA
2023-02-08,Cheese,5.91,19,USA
2023-02-09,Cheese,6.6,11,USA
2023-02-10,Cheese,6.67,19,USA
2023-02-11,Cheese,6.26,11,USA
2023-02-12,Cheese,6.54,17,USA
2023-02-13,Cheese,6.6,2,USA
2023-02-14,Cheese,5.91,3,USA
2023-02-15,Cheese,6.46,19,USA
2023-02-16,Cheese,6.55,14,USA
2023-02-17,Cheese,6.59,15,USA
2023-02-18,Cheese,6.31,10,USA
2023-02-19,Cheese,6.54,2,USA
2023-02-20,Cheese,6.38,9,USA
2023-02-21,Cheese,6.66,12,USA
2023-02-22,Cheese,6.39,9,USA
2023-02-23,Cheese,6.61,13,USA
2023-02-24,Cheese,7.04,12,USA
2023-02-25,Cheese,6.18,12,USA
2023-02-26,Cheese,6.48,7,USA
2023-02-27,Cheese,6.33,9,USA
2023-02-28,Cheese,6.27,4,USA
2023-03-01,Cheese,6.94,10,USA
2023-03-02,Cheese,6.46,4,USA
2023-03-03,Cheese,6.16,3,USA
2023-03-04,Cheese,6.78,8,USA
2023-03-05,Cheese,6.17,14,USA
2023-03-06,Cheese,6.73,4,USA
2023-03-07,Cheese,6.59,6,USA
2023-03-08,Cheese,6.45,7,USA
2023-03-09,Cheese,6.39,3,USA
2023-03-10,Cheese,6.14,1,USA
2023-03-11,Cheese,6.38,17,USA
2023-03-12,Cheese,6.75,10,USA
2023-03-13,Cheese,6.99,3,USA
2023-03-14,Cheese,6.7,17,USA
2023-03-15,Cheese,6.12,11,USA
2023-03-16,Cheese,6.35,9,USA
2023-03-17,Cheese,6.58,17,USA
2023-03-18,Cheese,6.06,13,USA
2023-03-19,Cheese,6.84,6,USA
2023-03-20,Cheese,5.97,16,USA
2023-03-21,Cheese,6.42,5,USA
2023-03-22,Cheese,6.64,4,USA
2023-03-23,Cheese,6.75,18,USA
2023-03-24,Cheese,6.51,7,USA
2023-03-25,Cheese,6.7,6,USA
2023-03-26,Cheese,6.39,14,USA
2023-03-27,Cheese,6.66,2,USA
2023-03-28,Cheese,5.93,18,USA
2023-03-29,Cheese,7.17,16,USA
2023-03-30,Cheese,6.67,17,USA
2023-03-31,Cheese,6.78,9,USA
2023-04-01,Cheese,6.39,13,USA
2023-04-02,Cheese,6.59,13,USA
2023-04-03,Cheese,6.26,12,USA
2023-04-04,Cheese,7.23,19,USA
2023-04-05,Cheese,6.57,12,USA
2023-04-06,Cheese,6.28,11,USA
2023-04-07,Cheese,6.92,6,USA
2023-04-08,Cheese,6.68,5,USA
2023-04-09,Cheese,6.87,6,USA
2023-04-10,Cheese,7.12,18,USA
2023-04-11,Cheese,6.96,4,USA
2023-04-12,Cheese,6.64,11,USA
2023-04-13,Cheese,6.17,13,USA
2023-04-14,Cheese,6.52,16,USA
2023-04-15,Cheese,6.96,7,USA
2023-04-16,Cheese,6.7,6,USA
2023-04-17,Cheese,7.09,11,USA
2023-04-18,Cheese,7.23,4,USA
2023-04-19,Cheese,6.56,15,USA
2023-04-20,Cheese,7.04,2,USA
2023-04-21,Cheese,6.75,9,USA
2023-04-22,Cheese,6.72,11,USA
2023-04-23,Cheese,6.39,7,USA
2023-04-24,Cheese,6.46,19,USA
2023-04-25,Cheese,7.22,8,USA
2023-04-26,Cheese,6.64,12,USA
2023-04-27,Cheese,6.28,18,USA
2023-04-28,Cheese,6.55,9,USA
2023-04-29,Cheese,6.99,3,USA
2023-04-30,Cheese,7.14,14,USA
2023-05-01,Cheese,6.51,4,USA
2023-05-02,Cheese,6.33,14,USA
2023-05-03,Cheese,7.09,4,USA
2023-05-04,Cheese,6.56,17,USA
2023-05-05,Cheese,6.9,10,USA
2023-05-06,Cheese,7.04,3,USA
2023-05-07,Cheese,7.12,7,USA
2023-05-08,Cheese,6.73,15,USA
2023-05-09,Cheese,7.42,7,USA
2023-05-10,Cheese,7.34,11,USA
2023-05-11,Cheese,6.37,10,USA
2023-05-12,Cheese,7.23,3,USA
2023-05-13,Cheese,6.57,19,USA
2023-05-14,Cheese,7.02,3,USA
2023-05-15,Cheese,6.85,17,USA
2023-05-16,Cheese,6.94,16,USA
2023-05-17,Cheese,6.63,14,USA
2023-05-18,Cheese,6.7,9,USA
2023-05-19,Cheese,7.59,18,USA
2023-05-20,Cheese,7.05,7,USA
2023-05-21,Cheese,6.75,13,USA
2023-05-22,Cheese,6.29,8,USA
2023-05-23,Cheese,7.0,3,USA
2023-05-24,Cheese,7.13,7,USA
2023-05-25,Cheese,7.12,9,USA
2023-05-26,Cheese,7.53,15,USA
2023-05-27,Cheese,6.74,2,USA
2023-05-28,Cheese,6.72,11,USA
2023-05-29,Cheese,7.17,1,USA
2023-05-30,Cheese,7.12,1,USA
2023-05-31,Cheese,6.65,14,USA
2023-06-01,Cheese,7.1,18,USA
2023-06-02,Cheese,6.49,15,USA
2023-06-03,Cheese,7.27,16,USA
2023-06-04,Cheese,6.6,11,USA
2023-06-05,Cheese,6.94,2,USA
2023-06-06,Cheese,6.37,16,USA
2023-06-07,Cheese,7.45,13,USA
2023-06-08,Cheese,6.77,15,USA
2023-06-09,Cheese,7.71,1,USA
2023-06-10,Cheese,6.78,15,USA
2023-06-11,Cheese,7.0,12,USA
2023-06-12,Cheese,7.01,3,USA
2023-06-13,Cheese,6.86,9,USA
2023-06-14,Cheese,7.4,12,USA
2023-06-15,Cheese,6.79,8,USA
2023-06-16,Cheese,7.31,10,USA
2023-06-17,Cheese,6.75,16,USA
2023-06-18,Cheese,7.31,1,USA
2023-06-19,Cheese,7.03,18,USA
2023-06-20,Cheese,6.74,9,USA
2023-06-21,Cheese,6.96,8,USA
2023-06-22,Cheese,7.12,5,USA
2023-06-23,Cheese,7.3,16,USA
2023-06-24,Cheese,6.71,13,USA
2023-06-25,Cheese,6.77,8,USA
2023-06-26,Cheese,7.25,10,USA
2023-06-27,Cheese,7.58,13,USA
2023-06-28,Cheese,7.0,8,USA
2023-06-29,Cheese,7.24,7,USA
2023-06-30,Cheese,7.48,3,USA
2023-07-01,Cheese,6.67,16,USA
2023-07-02,Cheese,7.57,18,USA
2023-07-03,Cheese,7.25,6,USA
2023-07-04,Cheese,7.0,14,USA
2023-07-05,Cheese,6.9,19,USA
2023-07-06,Cheese,7.0,14,USA
2023-07-07,Cheese,7.4,5,USA
2023-07-08,Cheese,6.83,5,USA
2023-07-09,Cheese,7.26,5,USA
2023-07-10,Cheese,7.6,14,USA
2023-07-11,Cheese,7.47,7,USA
2023-07-12,Cheese,6.99,12,USA
2023-07-13,Cheese,7.49,13,USA
2023-07-14,Cheese,7.09,5,USA
2023-07-15,Cheese,7.15,4,USA
2023-07-16,Cheese,7.51,14,USA
2023-07-17,Cheese,7.31,9,USA
2023-07-18,Cheese,7.1,5,USA
2023-07-19,Cheese,7.57,13,USA
2023-07-20,Cheese,7.06,19,USA
2023-07-21,Cheese,6.72,3,USA
2023-07-22,Cheese,7.34,13,USA
2023-07-23,Cheese,7.34,18,USA
2023-07-24,Cheese,7.45,16,USA
2023-07-25,Cheese,7.42,8,USA
2023-07-26,Cheese,7.08,18,USA
2023-07-27,Cheese,6.79,1,USA
2023-07-28,Cheese,7.15,12,USA
2023-07-29,Cheese,7.75,7,USA
2023-07-30,Cheese,7.13,3,USA
2023-07-31,Cheese,7.29,9,USA
2023-08-01,Cheese,7.27,10,USA
2023-08-02,Cheese,7.64,6,USA
2023-08-03,Cheese,7.21,8,USA
2023-08-04,Cheese,7.54,9,USA
2023-08-05,Cheese,7.32,15,USA
2023-08-06,Cheese,6.96,4,USA
2023-08-07,Cheese,7.65,19,USA
2023-08-08,Cheese,7.53,8,USA
2023-08-09,Cheese,7.3,1,USA
2023-08-10,Cheese,7.68,2,USA
2023-08-11,Cheese,7.65,8,USA
2023-08-12,Cheese,7.47,1,USA
2023-08-13,Cheese,7.42,1,USA
2023-08-14,Cheese,7.26,4,USA
2023-08-15,Cheese,7.71,9,USA
2023-08-16,Cheese,7.25,2,USA
2023-08-17,Cheese,6.85,13,USA
2023-08-18,Cheese,7.39,16,USA
2023-08-19,Cheese,7.86,11,USA
2023-08-20,Cheese,7.17,9,USA
2023-08-21,Cheese,7.6,11,USA
2023-08-22,Cheese,7.21,4,USA
2023-08-23,Cheese,7.58,13,USA
2023-08-24,Cheese,8.09,9,USA
2023-08-25,Cheese,7.3,18,USA
2023-08-26,Cheese,7.8,11,USA
2023-08-27,Cheese,7.08,1,USA
2023-08-28,Cheese,7.46,18,USA
2023-08-29,Cheese,7.54,9,USA
2023-08-30,Cheese,7.6,18,USA
2023-08-31,Cheese,7.35,18,USA
2023-09-01,Cheese,7.51,9,USA
2023-09-02,Cheese,7.31,19,USA
2023-09-03,Cheese,7.66,18,USA
2023-09-04,Cheese,7.19,16,USA
2023-09-05,Cheese,7.36,10,USA
2023-09-06,Cheese,7.72,5,USA
2023-09-07,Cheese,7.91,6,USA
2023-09-08,Cheese,7.29,1,USA
2023-09-09,Cheese,7.82,18,USA
2023-09-10,Cheese,7.64,11,USA
2023-09-11,Cheese,7.31,7,USA
2023-09-12,Cheese,7.22,19,USA
2023-09-13,Cheese,7.67,12,USA
2023-09-14,Cheese,7.33,10,USA
2023-09-15,Cheese,7.37,8,USA
2023-09-16,Cheese,7.52,7,USA
2023-09-17,Cheese,7.78,4,USA
2023-09-18,Cheese,7.19,18,USA
2023-09-19,Cheese,7.66,17,USA
2023-09-20,Cheese,7.46,15,USA
2023-09-21,Cheese,7.73,12,USA
2023-09-22,Cheese,8.12,9,USA
2023-09-23,Cheese,7.15,9,USA
2023-09-24,Cheese,7.62,6,USA
2023-09-25,Cheese,8.0,5,USA
2023-09-26,Cheese,7.05,3,USA
2023-09-27,Cheese,7.61,13,USA
2023-09-28,Cheese,7.4,2,USA
2023-09-29,Cheese,7.75,3,USA
2023-09-30,Cheese,7.95,4,USA
2023-10-01,Cheese,7.93,3,USA
2023-10-02,Cheese,7.93,12,USA
2023-10-03,Cheese,8.07,19,USA
2023-10-04,Cheese,7.81,7,USA
2023-10-05,Cheese,7.62,18,USA
2023-10-06,Cheese,7.44,17,USA
2023-10-07,Cheese,7.71,4,USA
2023-10-08,Cheese,7.31,7,USA
2023-10-09,Cheese,7.73,17,USA
2023-10-10,Cheese,7.54,18,USA
2023-10-11,Cheese,7.81,10,USA
2023-10-12,Cheese,8.18,2,USA
2023-10-13,Cheese,7.66,7,USA
2023-10-14,Cheese,7.72,17,USA
2023-10-15,Cheese,7.55,7,USA
2023-10-16,Cheese,7.88,12,USA
2023-10-17,Cheese,7.91,15,USA
2023-10-18,Cheese,7.85,9,USA
2023-10-19,Cheese,7.75,19,USA
2023-10-20,Cheese,7.72,11,USA
2023-10-21,Cheese,7.43,3,USA
2023-10-22,Cheese,7.35,14,USA
2023-10-23,Cheese,8.01,18,USA
2023-10-24,Cheese,8.01,2,USA
2023-10-25,Cheese,7.76,13,USA
2023-10-26,Cheese,7.79,15,USA
2023-10-27,Cheese,7.79,11,USA
2023-10-28,Cheese,7.59,5,USA
2023-10-29,Cheese,8.12,3,USA
2023-10-30,Cheese,7.81,10,USA
2023-10-31,Cheese,8.4,14,USA
2023-11-01,Cheese,7.82,9,USA
2023-11-02,Cheese,8.1,4,USA
2023-11-03,Cheese,7.78,19,USA
2023-11-04,Cheese,8.16,10,USA
2023-11-05,Cheese,8.05,9,USA
2023-11-06,Cheese,7.6,1,USA
2023-11-07,Cheese,7.93,12,USA
2023-11-08,Cheese,7.16,7,USA
2023-11-09,Cheese,7.47,19,USA
2023-11-10,Cheese,8.2,3,USA
2023-11-11,Cheese,7.92,11,USA
2023-11-12,Cheese,7.44,5,USA
2023-11-13,Cheese,8.14,12,USA
2023-11-14,Cheese,7.76,5,USA
2023-11-15,Cheese,8.23,11,USA
2023-11-16,Cheese,8.13,5,USA
2023-11-17,Cheese,8.1,6,USA
2023-11-18,Cheese,8.19,18,USA
2023-11-19,Cheese,7.98,14,USA
2023-11-20,Cheese,8.29,15,USA
2023-11-21,Cheese,7.61,12,USA
2023-11-22,Cheese,7.82,7,USA
2023-11-23,Cheese,7.56,15,USA
2023-11-24,Cheese,7.65,19,USA
2023-11-25,Cheese,8.03,10,USA
2023-11-26,Cheese,8.25,15,USA
2023-11-27,Cheese,8.73,15,USA
2023-11-28,Cheese,7.56,8,USA
2023-11-29,Cheese,8.33,12,USA
2023-11-30,Cheese,7.87,13,USA
2023-12-01,Cheese,8.05,10,USA
2023-12-02,Cheese,8.23,14,USA
2023-12-03,Cheese,7.93,5,USA
2023-12-04,Cheese,7.95,12,USA
2023-12-05,Cheese,8.29,4,USA
2023-12-06,Cheese,8.29,9,USA
2023-12-07,Cheese,8.27,5,USA
2023-12-08,Cheese,8.31,3,USA
2023-12-09,Cheese,7.95,18,USA
2023-12-10,Cheese,7.92,8,USA
2023-12-11,Cheese,8.18,10,USA
2023-12-12,Cheese,8.84,2,USA
2023-12-13,Cheese,8.55,1,USA
2023-12-14,Cheese,7.88,10,USA
2023-12-15,Cheese,7.61,12,USA
2023-12-16,Cheese,7.71,5,USA
2023-12-17,Cheese,8.42,11,USA
2023-12-18,Cheese,7.89,12,USA
2023-12-19,Cheese,8.46,18,USA
2023-12-20,Cheese,8.66,2,USA
2023-12-21,Cheese,7.41,6,USA
2023-12-22,Cheese,8.59,2,USA
2023-12-23,Cheese,8.04,16,USA
2023-12-24,Cheese,8.2,3,USA
2023-12-25,Cheese,7.83,5,USA
2023-12-26,Cheese,8.54,6,USA
2023-12-27,Cheese,7.88,10,USA
2023-12-28,Cheese,7.52,2,USA
2023-12-29,Cheese,7.74,12,USA
2023-12-30,Cheese,8.45,5,USA
2023-12-31,Cheese,7.72,8,USA
