date,keyword,search_interest
2023-01-01,grocery prices,25.9
2023-01-02,grocery prices,25.8
2023-01-03,grocery prices,31.4
2023-01-04,grocery prices,26.3
2023-01-05,grocery prices,28.3
2023-01-06,grocery prices,23.7
2023-01-07,grocery prices,19.2
2023-01-08,grocery prices,21.4
2023-01-09,grocery prices,30.5
2023-01-10,grocery prices,39.7
2023-01-11,grocery prices,34.8
2023-01-12,grocery prices,30.9
2023-01-13,grocery prices,23.7
2023-01-14,grocery prices,28.3
2023-01-15,grocery prices,31.4
2023-01-16,grocery prices,24.9
2023-01-17,grocery prices,27.5
2023-01-18,grocery prices,30.9
2023-01-19,grocery prices,25.9
2023-01-20,grocery prices,34.9
2023-01-21,grocery prices,31.6
2023-01-22,grocery prices,28.5
2023-01-23,grocery prices,22.2
2023-01-24,grocery prices,27.3
2023-01-25,grocery prices,30.3
2023-01-26,grocery prices,35.8
2023-01-27,grocery prices,25.7
2023-01-28,grocery prices,25.4
2023-01-29,grocery prices,25.3
2023-01-30,grocery prices,29.5
2023-01-31,grocery prices,32.9
2023-02-01,grocery prices,38.1
2023-02-02,grocery prices,35.6
2023-02-03,grocery prices,24.5
2023-02-04,grocery prices,29.3
2023-02-05,grocery prices,21.7
2023-02-06,grocery prices,23.0
2023-02-07,grocery prices,35.9
2023-02-08,grocery prices,34.0
2023-02-09,grocery prices,25.1
2023-02-10,grocery prices,24.6
2023-02-11,grocery prices,30.9
2023-02-12,grocery prices,30.6
2023-02-13,grocery prices,21.9
2023-02-14,grocery prices,36.2
2023-02-15,grocery prices,21.1
2023-02-16,grocery prices,30.4
2023-02-17,grocery prices,30.4
2023-02-18,grocery prices,38.4
2023-02-19,grocery prices,28.0
2023-02-20,grocery prices,22.1
2023-02-21,grocery prices,32.1
2023-02-22,grocery prices,28.9
2023-02-23,grocery prices,34.1
2023-02-24,grocery prices,22.8
2023-02-25,grocery prices,25.9
2023-02-26,grocery prices,37.1
2023-02-27,grocery prices,35.3
2023-02-28,grocery prices,28.5
2023-03-01,grocery prices,32.6
2023-03-02,grocery prices,30.6
2023-03-03,grocery prices,37.0
2023-03-04,grocery prices,39.7
2023-03-05,grocery prices,39.6
2023-03-06,grocery prices,31.4
2023-03-07,grocery prices,28.8
2023-03-08,grocery prices,34.8
2023-03-09,grocery prices,39.7
2023-03-10,grocery prices,26.6
2023-03-11,grocery prices,37.8
2023-03-12,grocery prices,41.7
2023-03-13,grocery prices,36.0
2023-03-14,grocery prices,37.2
2023-03-15,grocery prices,32.1
2023-03-16,grocery prices,31.6
2023-03-17,grocery prices,35.9
2023-03-18,grocery prices,37.6
2023-03-19,grocery prices,45.3
2023-03-20,grocery prices,37.0
2023-03-21,grocery prices,37.1
2023-03-22,grocery prices,41.4
2023-03-23,grocery prices,43.8
2023-03-24,grocery prices,29.9
2023-03-25,grocery prices,39.6
2023-03-26,grocery prices,42.3
2023-03-27,grocery prices,35.0
2023-03-28,grocery prices,37.6
2023-03-29,grocery prices,30.9
2023-03-30,grocery prices,41.3
2023-03-31,grocery prices,34.4
2023-04-01,grocery prices,39.2
2023-04-02,grocery prices,40.1
2023-04-03,grocery prices,28.7
2023-04-04,grocery prices,38.3
2023-04-05,grocery prices,43.5
2023-04-06,grocery prices,25.1
2023-04-07,grocery prices,46.5
2023-04-08,grocery prices,37.6
2023-04-09,grocery prices,36.6
2023-04-10,grocery prices,32.6
2023-04-11,grocery prices,35.0
2023-04-12,grocery prices,39.8
2023-04-13,grocery prices,41.9
2023-04-14,grocery prices,30.8
2023-04-15,grocery prices,46.7
2023-04-16,grocery prices,36.1
2023-04-17,grocery prices,30.7
2023-04-18,grocery prices,38.0
2023-04-19,grocery prices,40.5
2023-04-20,grocery prices,28.3
2023-04-21,grocery prices,36.9
2023-04-22,grocery prices,27.4
2023-04-23,grocery prices,33.0
2023-04-24,grocery prices,34.1
2023-04-25,grocery prices,37.8
2023-04-26,grocery prices,32.0
2023-04-27,grocery prices,38.0
2023-04-28,grocery prices,44.0
2023-04-29,grocery prices,28.6
2023-04-30,grocery prices,32.9
2023-05-01,grocery prices,43.9
2023-05-02,grocery prices,38.6
2023-05-03,grocery prices,35.1
2023-05-04,grocery prices,44.3
2023-05-05,grocery prices,44.6
2023-05-06,grocery prices,33.8
2023-05-07,grocery prices,46.0
2023-05-08,grocery prices,34.8
2023-05-09,grocery prices,29.7
2023-05-10,grocery prices,46.8
2023-05-11,grocery prices,43.2
2023-05-12,grocery prices,40.8
2023-05-13,grocery prices,33.5
2023-05-14,grocery prices,43.6
2023-05-15,grocery prices,44.0
2023-05-16,grocery prices,43.3
2023-05-17,grocery prices,40.5
2023-05-18,grocery prices,43.2
2023-05-19,grocery prices,40.3
2023-05-20,grocery prices,42.8
2023-05-21,grocery prices,39.6
2023-05-22,grocery prices,39.0
2023-05-23,grocery prices,34.5
2023-05-24,grocery prices,41.1
2023-05-25,grocery prices,41.0
2023-05-26,grocery prices,40.4
2023-05-27,grocery prices,48.2
2023-05-28,grocery prices,40.5
2023-05-29,grocery prices,39.2
2023-05-30,grocery prices,52.2
2023-05-31,grocery prices,34.9
2023-06-01,grocery prices,44.7
2023-06-02,grocery prices,45.3
2023-06-03,grocery prices,34.1
2023-06-04,grocery prices,48.1
2023-06-05,grocery prices,49.2
2023-06-06,grocery prices,36.7
2023-06-07,grocery prices,44.3
2023-06-08,grocery prices,42.7
2023-06-09,grocery prices,38.8
2023-06-10,grocery prices,45.2
2023-06-11,grocery prices,43.5
2023-06-12,grocery prices,39.7
2023-06-13,grocery prices,37.7
2023-06-14,grocery prices,37.6
2023-06-15,grocery prices,45.6
2023-06-16,grocery prices,58.2
2023-06-17,grocery prices,41.7
2023-06-18,grocery prices,33.8
2023-06-19,grocery prices,50.1
2023-06-20,grocery prices,43.0
2023-06-21,grocery prices,46.0
2023-06-22,grocery prices,42.0
2023-06-23,grocery prices,45.6
2023-06-24,grocery prices,42.2
2023-06-25,grocery prices,45.8
2023-06-26,grocery prices,46.7
2023-06-27,grocery prices,50.8
2023-06-28,grocery prices,44.4
2023-06-29,grocery prices,52.0
2023-06-30,grocery prices,42.3
2023-07-01,grocery prices,45.7
2023-07-02,grocery prices,47.7
2023-07-03,grocery prices,38.0
2023-07-04,grocery prices,52.5
2023-07-05,grocery prices,41.7
2023-07-06,grocery prices,55.1
2023-07-07,grocery prices,49.6
2023-07-08,grocery prices,45.0
2023-07-09,grocery prices,49.3
2023-07-10,grocery prices,44.3
2023-07-11,grocery prices,37.2
2023-07-12,grocery prices,48.1
2023-07-13,grocery prices,50.5
2023-07-14,grocery prices,51.3
2023-07-15,grocery prices,42.4
2023-07-16,grocery prices,51.5
2023-07-17,grocery prices,40.9
2023-07-18,grocery prices,56.2
2023-07-19,grocery prices,45.7
2023-07-20,grocery prices,46.9
2023-07-21,grocery prices,51.6
2023-07-22,grocery prices,51.4
2023-07-23,grocery prices,49.9
2023-07-24,grocery prices,52.4
2023-07-25,grocery prices,43.3
2023-07-26,grocery prices,48.6
2023-07-27,grocery prices,50.7
2023-07-28,grocery prices,41.2
2023-07-29,grocery prices,41.4
2023-07-30,grocery prices,52.7
2023-07-31,grocery prices,51.6
2023-08-01,grocery prices,50.9
2023-08-02,grocery prices,52.3
2023-08-03,grocery prices,55.8
2023-08-04,grocery prices,38.1
2023-08-05,grocery prices,46.8
2023-08-06,grocery prices,43.7
2023-08-07,grocery prices,43.5
2023-08-08,grocery prices,47.9
2023-08-09,grocery prices,47.8
2023-08-10,grocery prices,49.4
2023-08-11,grocery prices,44.8
2023-08-12,grocery prices,49.9
2023-08-13,grocery prices,50.7
2023-08-14,grocery prices,50.2
2023-08-15,grocery prices,52.1
2023-08-16,grocery prices,53.8
2023-08-17,grocery prices,55.3
2023-08-18,grocery prices,48.2
2023-08-19,grocery prices,57.3
2023-08-20,grocery prices,48.4
2023-08-21,grocery prices,49.0
2023-08-22,grocery prices,46.2
2023-08-23,grocery prices,49.3
2023-08-24,grocery prices,41.3
2023-08-25,grocery prices,53.7
2023-08-26,grocery prices,61.0
2023-08-27,grocery prices,53.4
2023-08-28,grocery prices,57.6
2023-08-29,grocery prices,51.9
2023-08-30,grocery prices,49.4
2023-08-31,grocery prices,45.3
2023-09-01,grocery prices,48.3
2023-09-02,grocery prices,49.5
2023-09-03,grocery prices,51.8
2023-09-04,grocery prices,51.2
2023-09-05,grocery prices,61.9
2023-09-06,grocery prices,44.2
2023-09-07,grocery prices,51.0
2023-09-08,grocery prices,55.2
2023-09-09,grocery prices,61.7
2023-09-10,grocery prices,48.4
2023-09-11,grocery prices,51.5
2023-09-12,grocery prices,50.7
2023-09-13,grocery prices,56.2
2023-09-14,grocery prices,53.1
2023-09-15,grocery prices,52.2
2023-09-16,grocery prices,55.7
2023-09-17,grocery prices,51.5
2023-09-18,grocery prices,50.0
2023-09-19,grocery prices,50.6
2023-09-20,grocery prices,54.7
2023-09-21,grocery prices,47.1
2023-09-22,grocery prices,59.8
2023-09-23,grocery prices,51.6
2023-09-24,grocery prices,50.6
2023-09-25,grocery prices,58.7
2023-09-26,grocery prices,71.1
2023-09-27,grocery prices,57.6
2023-09-28,grocery prices,55.4
2023-09-29,grocery prices,56.5
2023-09-30,grocery prices,52.9
2023-10-01,grocery prices,52.0
2023-10-02,grocery prices,49.8
2023-10-03,grocery prices,59.9
2023-10-04,grocery prices,66.5
2023-10-05,grocery prices,57.6
2023-10-06,grocery prices,49.4
2023-10-07,grocery prices,58.2
2023-10-08,grocery prices,56.6
2023-10-09,grocery prices,50.0
2023-10-10,grocery prices,54.0
2023-10-11,grocery prices,67.1
2023-10-12,grocery prices,59.1
2023-10-13,grocery prices,53.7
2023-10-14,grocery prices,53.6
2023-10-15,grocery prices,51.6
2023-10-16,grocery prices,64.2
2023-10-17,grocery prices,59.0
2023-10-18,grocery prices,55.6
2023-10-19,grocery prices,49.7
2023-10-20,grocery prices,63.7
2023-10-21,grocery prices,54.3
2023-10-22,grocery prices,59.1
2023-10-23,grocery prices,58.5
2023-10-24,grocery prices,65.6
2023-10-25,grocery prices,50.8
2023-10-26,grocery prices,67.4
2023-10-27,grocery prices,56.1
2023-10-28,grocery prices,59.5
2023-10-29,grocery prices,54.1
2023-10-30,grocery prices,54.3
2023-10-31,grocery prices,52.5
2023-11-01,grocery prices,61.2
2023-11-02,grocery prices,57.6
2023-11-03,grocery prices,61.3
2023-11-04,grocery prices,64.4
2023-11-05,grocery prices,62.0
2023-11-06,grocery prices,77.8
2023-11-07,grocery prices,53.7
2023-11-08,grocery prices,55.1
2023-11-09,grocery prices,53.4
2023-11-10,grocery prices,56.6
2023-11-11,grocery prices,62.5
2023-11-12,grocery prices,61.4
2023-11-13,grocery prices,61.3
2023-11-14,grocery prices,60.5
2023-11-15,grocery prices,66.6
2023-11-16,grocery prices,62.1
2023-11-17,grocery prices,60.8
2023-11-18,grocery prices,55.5
2023-11-19,grocery prices,69.1
2023-11-20,grocery prices,57.0
2023-11-21,grocery prices,54.8
2023-11-22,grocery prices,64.6
2023-11-23,grocery prices,62.6
2023-11-24,grocery prices,49.8
2023-11-25,grocery prices,58.8
2023-11-26,grocery prices,67.9
2023-11-27,grocery prices,64.6
2023-11-28,grocery prices,61.1
2023-11-29,grocery prices,70.0
2023-11-30,grocery prices,63.5
2023-12-01,grocery prices,65.6
2023-12-02,grocery prices,61.4
2023-12-03,grocery prices,56.9
2023-12-04,grocery prices,63.7
2023-12-05,grocery prices,61.2
2023-12-06,grocery prices,64.3
2023-12-07,grocery prices,66.4
2023-12-08,grocery prices,63.0
2023-12-09,grocery prices,56.8
2023-12-10,grocery prices,64.9
2023-12-11,grocery prices,65.1
2023-12-12,grocery prices,61.3
2023-12-13,grocery prices,64.2
2023-12-14,grocery prices,61.5
2023-12-15,grocery prices,53.1
2023-12-16,grocery prices,58.6
2023-12-17,grocery prices,62.4
2023-12-18,grocery prices,67.7
2023-12-19,grocery prices,73.1
2023-12-20,grocery prices,63.5
2023-12-21,grocery prices,64.0
2023-12-22,grocery prices,72.4
2023-12-23,grocery prices,71.7
2023-12-24,grocery prices,68.4
2023-12-25,grocery prices,65.4
2023-12-26,grocery prices,70.3
2023-12-27,grocery prices,64.8
2023-12-28,grocery prices,66.3
2023-12-29,grocery prices,64.8
2023-12-30,grocery prices,63.6
2023-12-31,grocery prices,62.5
2023-01-01,food inflation,16.8
2023-01-02,food inflation,21.2
2023-01-03,food inflation,17.9
2023-01-04,food inflation,20.9
2023-01-05,food inflation,19.9
2023-01-06,food inflation,24.3
2023-01-07,food inflation,21.0
2023-01-08,food inflation,15.2
2023-01-09,food inflation,23.2
2023-01-10,food inflation,28.4
2023-01-11,food inflation,21.8
2023-01-12,food inflation,19.6
2023-01-13,food inflation,20.1
2023-01-14,food inflation,34.4
2023-01-15,food inflation,15.4
2023-01-16,food inflation,21.9
2023-01-17,food inflation,26.6
2023-01-18,food inflation,30.2
2023-01-19,food inflation,17.8
2023-01-20,food inflation,24.2
2023-01-21,food inflation,29.5
2023-01-22,food inflation,20.1
2023-01-23,food inflation,26.6
2023-01-24,food inflation,26.3
2023-01-25,food inflation,24.7
2023-01-26,food inflation,24.7
2023-01-27,food inflation,22.4
2023-01-28,food inflation,30.9
2023-01-29,food inflation,25.5
2023-01-30,food inflation,27.3
2023-01-31,food inflation,20.7
2023-02-01,food inflation,20.7
2023-02-02,food inflation,24.6
2023-02-03,food inflation,30.7
2023-02-04,food inflation,30.7
2023-02-05,food inflation,34.6
2023-02-06,food inflation,16.9
2023-02-07,food inflation,25.5
2023-02-08,food inflation,18.0
2023-02-09,food inflation,28.2
2023-02-10,food inflation,33.1
2023-02-11,food inflation,24.7
2023-02-12,food inflation,16.0
2023-02-13,food inflation,27.9
2023-02-14,food inflation,26.5
2023-02-15,food inflation,26.5
2023-02-16,food inflation,21.8
2023-02-17,food inflation,33.4
2023-02-18,food inflation,26.4
2023-02-19,food inflation,33.5
2023-02-20,food inflation,32.5
2023-02-21,food inflation,15.6
2023-02-22,food inflation,16.0
2023-02-23,food inflation,32.7
2023-02-24,food inflation,22.8
2023-02-25,food inflation,21.8
2023-02-26,food inflation,28.7
2023-02-27,food inflation,25.6
2023-02-28,food inflation,24.9
2023-03-01,food inflation,29.5
2023-03-02,food inflation,24.9
2023-03-03,food inflation,31.6
2023-03-04,food inflation,27.7
2023-03-05,food inflation,37.3
2023-03-06,food inflation,30.5
2023-03-07,food inflation,22.3
2023-03-08,food inflation,30.6
2023-03-09,food inflation,30.5
2023-03-10,food inflation,32.1
2023-03-11,food inflation,29.3
2023-03-12,food inflation,31.6
2023-03-13,food inflation,26.0
2023-03-14,food inflation,31.3
2023-03-15,food inflation,31.9
2023-03-16,food inflation,27.2
2023-03-17,food inflation,26.5
2023-03-18,food inflation,23.4
2023-03-19,food inflation,36.0
2023-03-20,food inflation,27.8
2023-03-21,food inflation,33.7
2023-03-22,food inflation,30.6
2023-03-23,food inflation,30.4
2023-03-24,food inflation,32.5
2023-03-25,food inflation,32.9
2023-03-26,food inflation,31.8
2023-03-27,food inflation,23.4
2023-03-28,food inflation,28.5
2023-03-29,food inflation,33.9
2023-03-30,food inflation,32.2
2023-03-31,food inflation,34.6
2023-04-01,food inflation,27.3
2023-04-02,food inflation,31.6
2023-04-03,food inflation,31.3
2023-04-04,food inflation,35.8
2023-04-05,food inflation,31.6
2023-04-06,food inflation,31.9
2023-04-07,food inflation,36.8
2023-04-08,food inflation,37.6
2023-04-09,food inflation,38.7
2023-04-10,food inflation,33.9
2023-04-11,food inflation,30.2
2023-04-12,food inflation,38.5
2023-04-13,food inflation,33.0
2023-04-14,food inflation,35.2
2023-04-15,food inflation,29.0
2023-04-16,food inflation,30.8
2023-04-17,food inflation,25.5
2023-04-18,food inflation,31.5
2023-04-19,food inflation,32.1
2023-04-20,food inflation,33.0
2023-04-21,food inflation,27.6
2023-04-22,food inflation,40.0
2023-04-23,food inflation,27.3
2023-04-24,food inflation,37.6
2023-04-25,food inflation,36.0
2023-04-26,food inflation,35.0
2023-04-27,food inflation,42.0
2023-04-28,food inflation,36.8
2023-04-29,food inflation,31.6
2023-04-30,food inflation,37.2
2023-05-01,food inflation,30.0
2023-05-02,food inflation,47.9
2023-05-03,food inflation,27.6
2023-05-04,food inflation,31.8
2023-05-05,food inflation,44.6
2023-05-06,food inflation,43.8
2023-05-07,food inflation,34.4
2023-05-08,food inflation,37.9
2023-05-09,food inflation,38.0
2023-05-10,food inflation,42.4
2023-05-11,food inflation,37.4
2023-05-12,food inflation,32.0
2023-05-13,food inflation,33.9
2023-05-14,food inflation,32.0
2023-05-15,food inflation,33.3
2023-05-16,food inflation,42.6
2023-05-17,food inflation,30.7
2023-05-18,food inflation,41.1
2023-05-19,food inflation,32.9
2023-05-20,food inflation,43.2
2023-05-21,food inflation,34.4
2023-05-22,food inflation,34.5
2023-05-23,food inflation,41.4
2023-05-24,food inflation,45.7
2023-05-25,food inflation,37.2
2023-05-26,food inflation,30.7
2023-05-27,food inflation,31.7
2023-05-28,food inflation,31.4
2023-05-29,food inflation,38.9
2023-05-30,food inflation,42.7
2023-05-31,food inflation,31.8
2023-06-01,food inflation,36.8
2023-06-02,food inflation,34.6
2023-06-03,food inflation,41.2
2023-06-04,food inflation,40.3
2023-06-05,food inflation,38.1
2023-06-06,food inflation,39.4
2023-06-07,food inflation,34.2
2023-06-08,food inflation,44.3
2023-06-09,food inflation,40.7
2023-06-10,food inflation,43.6
2023-06-11,food inflation,42.3
2023-06-12,food inflation,37.3
2023-06-13,food inflation,37.2
2023-06-14,food inflation,36.1
2023-06-15,food inflation,32.8
2023-06-16,food inflation,39.9
2023-06-17,food inflation,40.5
2023-06-18,food inflation,40.9
2023-06-19,food inflation,39.6
2023-06-20,food inflation,45.1
2023-06-21,food inflation,33.0
2023-06-22,food inflation,39.2
2023-06-23,food inflation,44.4
2023-06-24,food inflation,47.6
2023-06-25,food inflation,39.9
2023-06-26,food inflation,43.5
2023-06-27,food inflation,50.2
2023-06-28,food inflation,37.3
2023-06-29,food inflation,38.3
2023-06-30,food inflation,42.6
2023-07-01,food inflation,49.7
2023-07-02,food inflation,28.7
2023-07-03,food inflation,45.6
2023-07-04,food inflation,41.8
2023-07-05,food inflation,40.3
2023-07-06,food inflation,47.5
2023-07-07,food inflation,49.4
2023-07-08,food inflation,44.5
2023-07-09,food inflation,43.7
2023-07-10,food inflation,44.8
2023-07-11,food inflation,43.9
2023-07-12,food inflation,49.3
2023-07-13,food inflation,36.0
2023-07-14,food inflation,51.1
2023-07-15,food inflation,44.0
2023-07-16,food inflation,34.7
2023-07-17,food inflation,40.4
2023-07-18,food inflation,43.8
2023-07-19,food inflation,39.8
2023-07-20,food inflation,42.8
2023-07-21,food inflation,48.0
2023-07-22,food inflation,45.9
2023-07-23,food inflation,36.8
2023-07-24,food inflation,44.8
2023-07-25,food inflation,47.9
2023-07-26,food inflation,47.0
2023-07-27,food inflation,39.8
2023-07-28,food inflation,52.3
2023-07-29,food inflation,30.5
2023-07-30,food inflation,43.5
2023-07-31,food inflation,50.3
2023-08-01,food inflation,51.9
2023-08-02,food inflation,40.4
2023-08-03,food inflation,48.4
2023-08-04,food inflation,37.7
2023-08-05,food inflation,49.9
2023-08-06,food inflation,52.2
2023-08-07,food inflation,44.2
2023-08-08,food inflation,51.0
2023-08-09,food inflation,44.8
2023-08-10,food inflation,51.6
2023-08-11,food inflation,38.0
2023-08-12,food inflation,46.7
2023-08-13,food inflation,46.0
2023-08-14,food inflation,48.4
2023-08-15,food inflation,49.7
2023-08-16,food inflation,43.2
2023-08-17,food inflation,44.5
2023-08-18,food inflation,44.2
2023-08-19,food inflation,46.6
2023-08-20,food inflation,43.2
2023-08-21,food inflation,48.4
2023-08-22,food inflation,39.7
2023-08-23,food inflation,41.3
2023-08-24,food inflation,53.6
2023-08-25,food inflation,40.0
2023-08-26,food inflation,48.0
2023-08-27,food inflation,48.7
2023-08-28,food inflation,50.3
2023-08-29,food inflation,54.3
2023-08-30,food inflation,42.8
2023-08-31,food inflation,50.1
2023-09-01,food inflation,48.9
2023-09-02,food inflation,52.5
2023-09-03,food inflation,37.0
2023-09-04,food inflation,51.8
2023-09-05,food inflation,42.8
2023-09-06,food inflation,47.7
2023-09-07,food inflation,51.4
2023-09-08,food inflation,41.0
2023-09-09,food inflation,51.8
2023-09-10,food inflation,49.2
2023-09-11,food inflation,47.8
2023-09-12,food inflation,58.2
2023-09-13,food inflation,45.1
2023-09-14,food inflation,51.0
2023-09-15,food inflation,52.7
2023-09-16,food inflation,44.6
2023-09-17,food inflation,52.2
2023-09-18,food inflation,45.7
2023-09-19,food inflation,50.3
2023-09-20,food inflation,49.1
2023-09-21,food inflation,50.8
2023-09-22,food inflation,58.5
2023-09-23,food inflation,55.5
2023-09-24,food inflation,55.7
2023-09-25,food inflation,53.1
2023-09-26,food inflation,50.5
2023-09-27,food inflation,58.7
2023-09-28,food inflation,54.0
2023-09-29,food inflation,50.3
2023-09-30,food inflation,54.8
2023-10-01,food inflation,63.7
2023-10-02,food inflation,54.5
2023-10-03,food inflation,54.9
2023-10-04,food inflation,51.0
2023-10-05,food inflation,50.2
2023-10-06,food inflation,51.5
2023-10-07,food inflation,60.3
2023-10-08,food inflation,50.4
2023-10-09,food inflation,50.7
2023-10-10,food inflation,61.4
2023-10-11,food inflation,51.3
2023-10-12,food inflation,47.9
2023-10-13,food inflation,58.8
2023-10-14,food inflation,61.5
2023-10-15,food inflation,52.2
2023-10-16,food inflation,55.5
2023-10-17,food inflation,53.4
2023-10-18,food inflation,62.0
2023-10-19,food inflation,54.8
2023-10-20,food inflation,64.6
2023-10-21,food inflation,55.2
2023-10-22,food inflation,53.3
2023-10-23,food inflation,54.7
2023-10-24,food inflation,52.4
2023-10-25,food inflation,55.2
2023-10-26,food inflation,49.5
2023-10-27,food inflation,53.6
2023-10-28,food inflation,51.6
2023-10-29,food inflation,58.2
2023-10-30,food inflation,55.7
2023-10-31,food inflation,47.1
2023-11-01,food inflation,58.5
2023-11-02,food inflation,55.4
2023-11-03,food inflation,53.8
2023-11-04,food inflation,48.4
2023-11-05,food inflation,63.7
2023-11-06,food inflation,62.4
2023-11-07,food inflation,55.4
2023-11-08,food inflation,61.4
2023-11-09,food inflation,50.9
2023-11-10,food inflation,60.1
2023-11-11,food inflation,63.8
2023-11-12,food inflation,55.5
2023-11-13,food inflation,60.7
2023-11-14,food inflation,66.8
2023-11-15,food inflation,47.3
2023-11-16,food inflation,54.2
2023-11-17,food inflation,49.3
2023-11-18,food inflation,57.0
2023-11-19,food inflation,56.5
2023-11-20,food inflation,56.0
2023-11-21,food inflation,58.1
2023-11-22,food inflation,55.9
2023-11-23,food inflation,61.7
2023-11-24,food inflation,52.6
2023-11-25,food inflation,56.9
2023-11-26,food inflation,57.6
2023-11-27,food inflation,58.0
2023-11-28,food inflation,55.0
2023-11-29,food inflation,58.0
2023-11-30,food inflation,53.0
2023-12-01,food inflation,59.7
2023-12-02,food inflation,52.0
2023-12-03,food inflation,55.7
2023-12-04,food inflation,56.1
2023-12-05,food inflation,64.8
2023-12-06,food inflation,58.1
2023-12-07,food inflation,61.0
2023-12-08,food inflation,59.4
2023-12-09,food inflation,56.7
2023-12-10,food inflation,66.0
2023-12-11,food inflation,55.3
2023-12-12,food inflation,54.9
2023-12-13,food inflation,65.0
2023-12-14,food inflation,56.1
2023-12-15,food inflation,70.4
2023-12-16,food inflation,60.9
2023-12-17,food inflation,58.2
2023-12-18,food inflation,61.3
2023-12-19,food inflation,66.2
2023-12-20,food inflation,62.0
2023-12-21,food inflation,58.5
2023-12-22,food inflation,50.4
2023-12-23,food inflation,54.8
2023-12-24,food inflation,60.6
2023-12-25,food inflation,69.5
2023-12-26,food inflation,61.7
2023-12-27,food inflation,57.7
2023-12-28,food inflation,59.2
2023-12-29,food inflation,74.0
2023-12-30,food inflation,65.2
2023-12-31,food inflation,66.6
2023-01-01,eggs price,26.2
2023-01-02,eggs price,30.5
2023-01-03,eggs price,33.1
2023-01-04,eggs price,35.7
2023-01-05,eggs price,22.8
2023-01-06,eggs price,29.6
2023-01-07,eggs price,37.1
2023-01-08,eggs price,29.1
2023-01-09,eggs price,30.9
2023-01-10,eggs price,35.4
2023-01-11,eggs price,26.9
2023-01-12,eggs price,32.0
2023-01-13,eggs price,26.8
2023-01-14,eggs price,29.5
2023-01-15,eggs price,30.0
2023-01-16,eggs price,28.6
2023-01-17,eggs price,26.3
2023-01-18,eggs price,34.8
2023-01-19,eggs price,30.5
2023-01-20,eggs price,26.5
2023-01-21,eggs price,26.9
2023-01-22,eggs price,30.9
2023-01-23,eggs price,32.2
2023-01-24,eggs price,28.9
2023-01-25,eggs price,37.7
2023-01-26,eggs price,27.3
2023-01-27,eggs price,24.9
2023-01-28,eggs price,27.2
2023-01-29,eggs price,33.3
2023-01-30,eggs price,31.4
2023-01-31,eggs price,26.8
2023-02-01,eggs price,30.6
2023-02-02,eggs price,25.7
2023-02-03,eggs price,39.7
2023-02-04,eggs price,24.3
2023-02-05,eggs price,21.5
2023-02-06,eggs price,29.0
2023-02-07,eggs price,24.0
2023-02-08,eggs price,28.6
2023-02-09,eggs price,27.9
2023-02-10,eggs price,32.0
2023-02-11,eggs price,33.9
2023-02-12,eggs price,30.9
2023-02-13,eggs price,28.6
2023-02-14,eggs price,30.8
2023-02-15,eggs price,38.7
2023-02-16,eggs price,30.4
2023-02-17,eggs price,30.7
2023-02-18,eggs price,29.0
2023-02-19,eggs price,33.8
2023-02-20,eggs price,31.3
2023-02-21,eggs price,30.6
2023-02-22,eggs price,33.7
2023-02-23,eggs price,45.1
2023-02-24,eggs price,28.7
2023-02-25,eggs price,25.5
2023-02-26,eggs price,32.1
2023-02-27,eggs price,37.2
2023-02-28,eggs price,33.3
2023-03-01,eggs price,34.6
2023-03-02,eggs price,37.7
2023-03-03,eggs price,28.2
2023-03-04,eggs price,30.2
2023-03-05,eggs price,28.5
2023-03-06,eggs price,29.3
2023-03-07,eggs price,30.5
2023-03-08,eggs price,38.3
2023-03-09,eggs price,26.2
2023-03-10,eggs price,30.8
2023-03-11,eggs price,34.6
2023-03-12,eggs price,26.5
2023-03-13,eggs price,40.2
2023-03-14,eggs price,45.1
2023-03-15,eggs price,24.2
2023-03-16,eggs price,43.0
2023-03-17,eggs price,45.5
2023-03-18,eggs price,34.0
2023-03-19,eggs price,33.9
2023-03-20,eggs price,35.2
2023-03-21,eggs price,36.2
2023-03-22,eggs price,48.3
2023-03-23,eggs price,39.5
2023-03-24,eggs price,32.9
2023-03-25,eggs price,34.6
2023-03-26,eggs price,36.7
2023-03-27,eggs price,42.7
2023-03-28,eggs price,35.4
2023-03-29,eggs price,41.7
2023-03-30,eggs price,35.5
2023-03-31,eggs price,40.9
2023-04-01,eggs price,40.5
2023-04-02,eggs price,35.3
2023-04-03,eggs price,40.0
2023-04-04,eggs price,32.7
2023-04-05,eggs price,50.8
2023-04-06,eggs price,46.6
2023-04-07,eggs price,46.3
2023-04-08,eggs price,36.2
2023-04-09,eggs price,30.6
2023-04-10,eggs price,48.8
2023-04-11,eggs price,34.5
2023-04-12,eggs price,37.6
2023-04-13,eggs price,38.0
2023-04-14,eggs price,44.8
2023-04-15,eggs price,34.2
2023-04-16,eggs price,36.3
2023-04-17,eggs price,33.5
2023-04-18,eggs price,35.7
2023-04-19,eggs price,39.2
2023-04-20,eggs price,38.1
2023-04-21,eggs price,38.6
2023-04-22,eggs price,45.0
2023-04-23,eggs price,40.4
2023-04-24,eggs price,40.6
2023-04-25,eggs price,40.0
2023-04-26,eggs price,46.3
2023-04-27,eggs price,41.6
2023-04-28,eggs price,35.2
2023-04-29,eggs price,36.6
2023-04-30,eggs price,48.9
2023-05-01,eggs price,38.5
2023-05-02,eggs price,42.4
2023-05-03,eggs price,42.2
2023-05-04,eggs price,34.4
2023-05-05,eggs price,39.3
2023-05-06,eggs price,41.9
2023-05-07,eggs price,42.0
2023-05-08,eggs price,45.2
2023-05-09,eggs price,45.1
2023-05-10,eggs price,43.9
2023-05-11,eggs price,28.4
2023-05-12,eggs price,53.2
2023-05-13,eggs price,35.9
2023-05-14,eggs price,45.6
2023-05-15,eggs price,39.4
2023-05-16,eggs price,45.9
2023-05-17,eggs price,38.7
2023-05-18,eggs price,36.6
2023-05-19,eggs price,36.7
2023-05-20,eggs price,39.1
2023-05-21,eggs price,44.0
2023-05-22,eggs price,52.6
2023-05-23,eggs price,52.1
2023-05-24,eggs price,33.8
2023-05-25,eggs price,48.7
2023-05-26,eggs price,41.5
2023-05-27,eggs price,33.2
2023-05-28,eggs price,49.0
2023-05-29,eggs price,32.5
2023-05-30,eggs price,40.7
2023-05-31,eggs price,39.4
2023-06-01,eggs price,39.0
2023-06-02,eggs price,42.3
2023-06-03,eggs price,38.8
2023-06-04,eggs price,39.6
2023-06-05,eggs price,42.7
2023-06-06,eggs price,42.4
2023-06-07,eggs price,33.6
2023-06-08,eggs price,44.6
2023-06-09,eggs price,50.4
2023-06-10,eggs price,50.4
2023-06-11,eggs price,43.5
2023-06-12,eggs price,48.1
2023-06-13,eggs price,46.2
2023-06-14,eggs price,42.7
2023-06-15,eggs price,45.5
2023-06-16,eggs price,50.2
2023-06-17,eggs price,43.3
2023-06-18,eggs price,45.4
2023-06-19,eggs price,44.3
2023-06-20,eggs price,37.6
2023-06-21,eggs price,39.9
2023-06-22,eggs price,48.9
2023-06-23,eggs price,51.5
2023-06-24,eggs price,42.5
2023-06-25,eggs price,40.8
2023-06-26,eggs price,49.9
2023-06-27,eggs price,49.8
2023-06-28,eggs price,50.0
2023-06-29,eggs price,47.4
2023-06-30,eggs price,52.7
2023-07-01,eggs price,49.9
2023-07-02,eggs price,48.4
2023-07-03,eggs price,47.6
2023-07-04,eggs price,51.6
2023-07-05,eggs price,47.9
2023-07-06,eggs price,54.2
2023-07-07,eggs price,57.9
2023-07-08,eggs price,43.1
2023-07-09,eggs price,46.8
2023-07-10,eggs price,48.6
2023-07-11,eggs price,45.7
2023-07-12,eggs price,44.7
2023-07-13,eggs price,42.5
2023-07-14,eggs price,49.5
2023-07-15,eggs price,43.6
2023-07-16,eggs price,46.4
2023-07-17,eggs price,52.3
2023-07-18,eggs price,49.1
2023-07-19,eggs price,48.6
2023-07-20,eggs price,48.7
2023-07-21,eggs price,51.0
2023-07-22,eggs price,44.3
2023-07-23,eggs price,48.1
2023-07-24,eggs price,50.0
2023-07-25,eggs price,48.7
2023-07-26,eggs price,47.2
2023-07-27,eggs price,49.1
2023-07-28,eggs price,48.9
2023-07-29,eggs price,51.4
2023-07-30,eggs price,58.6
2023-07-31,eggs price,44.0
2023-08-01,eggs price,51.2
2023-08-02,eggs price,42.8
2023-08-03,eggs price,60.5
2023-08-04,eggs price,54.5
2023-08-05,eggs price,52.7
2023-08-06,eggs price,52.7
2023-08-07,eggs price,45.0
2023-08-08,eggs price,49.7
2023-08-09,eggs price,52.1
2023-08-10,eggs price,57.9
2023-08-11,eggs price,49.0
2023-08-12,eggs price,53.2
2023-08-13,eggs price,59.0
2023-08-14,eggs price,53.3
2023-08-15,eggs price,56.5
2023-08-16,eggs price,44.1
2023-08-17,eggs price,49.4
2023-08-18,eggs price,45.4
2023-08-19,eggs price,49.2
2023-08-20,eggs price,53.5
2023-08-21,eggs price,46.2
2023-08-22,eggs price,64.1
2023-08-23,eggs price,49.9
2023-08-24,eggs price,55.0
2023-08-25,eggs price,48.3
2023-08-26,eggs price,57.1
2023-08-27,eggs price,60.5
2023-08-28,eggs price,54.4
2023-08-29,eggs price,59.3
2023-08-30,eggs price,58.0
2023-08-31,eggs price,49.9
2023-09-01,eggs price,56.4
2023-09-02,eggs price,51.2
2023-09-03,eggs price,49.5
2023-09-04,eggs price,52.0
2023-09-05,eggs price,59.0
2023-09-06,eggs price,50.7
2023-09-07,eggs price,55.1
2023-09-08,eggs price,58.3
2023-09-09,eggs price,57.9
2023-09-10,eggs price,52.4
2023-09-11,eggs price,53.3
2023-09-12,eggs price,58.0
2023-09-13,eggs price,57.2
2023-09-14,eggs price,56.8
2023-09-15,eggs price,61.5
2023-09-16,eggs price,49.2
2023-09-17,eggs price,54.6
2023-09-18,eggs price,48.6
2023-09-19,eggs price,59.5
2023-09-20,eggs price,57.4
2023-09-21,eggs price,59.9
2023-09-22,eggs price,58.0
2023-09-23,eggs price,56.6
2023-09-24,eggs price,54.6
2023-09-25,eggs price,57.3
2023-09-26,eggs price,54.2
2023-09-27,eggs price,51.5
2023-09-28,eggs price,62.0
2023-09-29,eggs price,56.0
2023-09-30,eggs price,53.7
2023-10-01,eggs price,55.0
2023-10-02,eggs price,65.4
2023-10-03,eggs price,57.5
2023-10-04,eggs price,57.3
2023-10-05,eggs price,52.8
2023-10-06,eggs price,63.3
2023-10-07,eggs price,61.4
2023-10-08,eggs price,56.8
2023-10-09,eggs price,56.3
2023-10-10,eggs price,64.7
2023-10-11,eggs price,61.5
2023-10-12,eggs price,61.5
2023-10-13,eggs price,59.3
2023-10-14,eggs price,50.3
2023-10-15,eggs price,61.7
2023-10-16,eggs price,59.4
2023-10-17,eggs price,49.9
2023-10-18,eggs price,50.9
2023-10-19,eggs price,68.9
2023-10-20,eggs price,56.3
2023-10-21,eggs price,60.7
2023-10-22,eggs price,59.2
2023-10-23,eggs price,56.2
2023-10-24,eggs price,56.1
2023-10-25,eggs price,56.6
2023-10-26,eggs price,62.6
2023-10-27,eggs price,55.1
2023-10-28,eggs price,68.4
2023-10-29,eggs price,61.9
2023-10-30,eggs price,52.6
2023-10-31,eggs price,61.8
2023-11-01,eggs price,64.6
2023-11-02,eggs price,61.5
2023-11-03,eggs price,54.5
2023-11-04,eggs price,57.3
2023-11-05,eggs price,59.1
2023-11-06,eggs price,66.7
2023-11-07,eggs price,67.2
2023-11-08,eggs price,72.6
2023-11-09,eggs price,58.1
2023-11-10,eggs price,58.4
2023-11-11,eggs price,62.1
2023-11-12,eggs price,65.0
2023-11-13,eggs price,67.8
2023-11-14,eggs price,58.5
2023-11-15,eggs price,60.9
2023-11-16,eggs price,64.5
2023-11-17,eggs price,53.2
2023-11-18,eggs price,63.9
2023-11-19,eggs price,54.2
2023-11-20,eggs price,59.9
2023-11-21,eggs price,55.5
2023-11-22,eggs price,63.5
2023-11-23,eggs price,64.7
2023-11-24,eggs price,75.1
2023-11-25,eggs price,65.0
2023-11-26,eggs price,54.9
2023-11-27,eggs price,68.0
2023-11-28,eggs price,67.2
2023-11-29,eggs price,68.3
2023-11-30,eggs price,65.2
2023-12-01,eggs price,69.3
2023-12-02,eggs price,63.3
2023-12-03,eggs price,56.5
2023-12-04,eggs price,64.6
2023-12-05,eggs price,56.7
2023-12-06,eggs price,65.9
2023-12-07,eggs price,53.1
2023-12-08,eggs price,70.0
2023-12-09,eggs price,56.1
2023-12-10,eggs price,65.2
2023-12-11,eggs price,58.3
2023-12-12,eggs price,68.9
2023-12-13,eggs price,65.7
2023-12-14,eggs price,65.3
2023-12-15,eggs price,66.4
2023-12-16,eggs price,68.0
2023-12-17,eggs price,64.9
2023-12-18,eggs price,50.9
2023-12-19,eggs price,59.2
2023-12-20,eggs price,77.8
2023-12-21,eggs price,60.7
2023-12-22,eggs price,66.3
2023-12-23,eggs price,67.5
2023-12-24,eggs price,69.6
2023-12-25,eggs price,67.0
2023-12-26,eggs price,65.4
2023-12-27,eggs price,64.1
2023-12-28,eggs price,64.5
2023-12-29,eggs price,68.8
2023-12-30,eggs price,65.4
2023-12-31,eggs price,56.6
2023-01-01,milk price,18.4
2023-01-02,milk price,23.6
2023-01-03,milk price,14.2
2023-01-04,milk price,16.5
2023-01-05,milk price,28.4
2023-01-06,milk price,14.2
2023-01-07,milk price,21.9
2023-01-08,milk price,23.7
2023-01-09,milk price,23.9
2023-01-10,milk price,15.2
2023-01-11,milk price,17.9
2023-01-12,milk price,20.7
2023-01-13,milk price,13.9
2023-01-14,milk price,15.0
2023-01-15,milk price,14.7
2023-01-16,milk price,15.7
2023-01-17,milk price,16.2
2023-01-18,milk price,8.6
2023-01-19,milk price,28.9
2023-01-20,milk price,21.0
2023-01-21,milk price,28.5
2023-01-22,milk price,17.7
2023-01-23,milk price,18.8
2023-01-24,milk price,23.0
2023-01-25,milk price,22.6
2023-01-26,milk price,27.2
2023-01-27,milk price,20.7
2023-01-28,milk price,31.0
2023-01-29,milk price,22.1
2023-01-30,milk price,20.5
2023-01-31,milk price,26.4
2023-02-01,milk price,22.2
2023-02-02,milk price,15.1
2023-02-03,milk price,11.4
2023-02-04,milk price,17.9
2023-02-05,milk price,31.2
2023-02-06,milk price,21.2
2023-02-07,milk price,25.8
2023-02-08,milk price,24.2
2023-02-09,milk price,14.3
2023-02-10,milk price,33.5
2023-02-11,milk price,20.1
2023-02-12,milk price,24.0
2023-02-13,milk price,24.5
2023-02-14,milk price,23.7
2023-02-15,milk price,25.4
2023-02-16,milk price,21.4
2023-02-17,milk price,29.7
2023-02-18,milk price,27.0
2023-02-19,milk price,26.1
2023-02-20,milk price,25.5
2023-02-21,milk price,19.8
2023-02-22,milk price,22.9
2023-02-23,milk price,24.6
2023-02-24,milk price,31.2
2023-02-25,milk price,21.8
2023-02-26,milk price,23.2
2023-02-27,milk price,22.6
2023-02-28,milk price,31.5
2023-03-01,milk price,33.5
2023-03-02,milk price,21.4
2023-03-03,milk price,28.3
2023-03-04,milk price,17.6
2023-03-05,milk price,26.3
2023-03-06,milk price,26.3
2023-03-07,milk price,25.9
2023-03-08,milk price,33.6
2023-03-09,milk price,26.3
2023-03-10,milk price,26.3
2023-03-11,milk price,22.4
2023-03-12,milk price,31.7
2023-03-13,milk price,27.4
2023-03-14,milk price,29.7
2023-03-15,milk price,22.0
2023-03-16,milk price,28.0
2023-03-17,milk price,21.8
2023-03-18,milk price,29.5
2023-03-19,milk price,24.3
2023-03-20,milk price,34.5
2023-03-21,milk price,30.3
2023-03-22,milk price,27.4
2023-03-23,milk price,29.8
2023-03-24,milk price,27.6
2023-03-25,milk price,34.4
2023-03-26,milk price,34.3
2023-03-27,milk price,37.6
2023-03-28,milk price,33.4
2023-03-29,milk price,31.0
2023-03-30,milk price,25.4
2023-03-31,milk price,23.8
2023-04-01,milk price,31.9
2023-04-02,milk price,22.8
2023-04-03,milk price,25.7
2023-04-04,milk price,30.5
2023-04-05,milk price,21.5
2023-04-06,milk price,26.4
2023-04-07,milk price,26.3
2023-04-08,milk price,22.5
2023-04-09,milk price,35.4
2023-04-10,milk price,31.1
2023-04-11,milk price,32.8
2023-04-12,milk price,33.1
2023-04-13,milk price,33.4
2023-04-14,milk price,43.3
2023-04-15,milk price,29.1
2023-04-16,milk price,31.5
2023-04-17,milk price,35.2
2023-04-18,milk price,35.1
2023-04-19,milk price,30.5
2023-04-20,milk price,30.4
2023-04-21,milk price,34.7
2023-04-22,milk price,23.3
2023-04-23,milk price,36.5
2023-04-24,milk price,37.4
2023-04-25,milk price,27.2
2023-04-26,milk price,33.6
2023-04-27,milk price,30.6
2023-04-28,milk price,30.3
2023-04-29,milk price,38.5
2023-04-30,milk price,36.5
2023-05-01,milk price,44.0
2023-05-02,milk price,32.6
2023-05-03,milk price,33.8
2023-05-04,milk price,33.1
2023-05-05,milk price,35.1
2023-05-06,milk price,33.9
2023-05-07,milk price,40.5
2023-05-08,milk price,32.2
2023-05-09,milk price,30.6
2023-05-10,milk price,32.7
2023-05-11,milk price,32.7
2023-05-12,milk price,39.8
2023-05-13,milk price,31.5
2023-05-14,milk price,27.8
2023-05-15,milk price,37.7
2023-05-16,milk price,27.5
2023-05-17,milk price,35.7
2023-05-18,milk price,33.9
2023-05-19,milk price,33.5
2023-05-20,milk price,37.6
2023-05-21,milk price,35.1
2023-05-22,milk price,38.8
2023-05-23,milk price,36.0
2023-05-24,milk price,29.8
2023-05-25,milk price,27.1
2023-05-26,milk price,35.3
2023-05-27,milk price,37.7
2023-05-28,milk price,34.8
2023-05-29,milk price,35.2
2023-05-30,milk price,31.2
2023-05-31,milk price,41.7
2023-06-01,milk price,43.4
2023-06-02,milk price,29.0
2023-06-03,milk price,42.8
2023-06-04,milk price,45.3
2023-06-05,milk price,37.2
2023-06-06,milk price,38.5
2023-06-07,milk price,41.1
2023-06-08,milk price,35.1
2023-06-09,milk price,32.9
2023-06-10,milk price,31.7
2023-06-11,milk price,38.6
2023-06-12,milk price,38.8
2023-06-13,milk price,41.3
2023-06-14,milk price,30.8
2023-06-15,milk price,34.0
2023-06-16,milk price,37.1
2023-06-17,milk price,41.5
2023-06-18,milk price,37.1
2023-06-19,milk price,42.6
2023-06-20,milk price,36.9
2023-06-21,milk price,46.2
2023-06-22,milk price,38.1
2023-06-23,milk price,39.4
2023-06-24,milk price,42.1
2023-06-25,milk price,36.6
2023-06-26,milk price,40.5
2023-06-27,milk price,44.9
2023-06-28,milk price,36.4
2023-06-29,milk price,45.5
2023-06-30,milk price,39.3
2023-07-01,milk price,37.7
2023-07-02,milk price,37.3
2023-07-03,milk price,42.9
2023-07-04,milk price,36.9
2023-07-05,milk price,35.7
2023-07-06,milk price,36.4
2023-07-07,milk price,34.1
2023-07-08,milk price,42.5
2023-07-09,milk price,44.6
2023-07-10,milk price,41.2
2023-07-11,milk price,47.6
2023-07-12,milk price,39.8
2023-07-13,milk price,41.3
2023-07-14,milk price,35.0
2023-07-15,milk price,47.1
2023-07-16,milk price,55.6
2023-07-17,milk price,42.5
2023-07-18,milk price,42.1
2023-07-19,milk price,48.9
2023-07-20,milk price,35.9
2023-07-21,milk price,54.0
2023-07-22,milk price,47.9
2023-07-23,milk price,45.2
2023-07-24,milk price,41.4
2023-07-25,milk price,42.4
2023-07-26,milk price,40.0
2023-07-27,milk price,43.3
2023-07-28,milk price,43.4
2023-07-29,milk price,51.1
2023-07-30,milk price,45.4
2023-07-31,milk price,44.7
2023-08-01,milk price,48.5
2023-08-02,milk price,46.9
2023-08-03,milk price,47.0
2023-08-04,milk price,44.3
2023-08-05,milk price,38.7
2023-08-06,milk price,41.2
2023-08-07,milk price,43.0
2023-08-08,milk price,45.2
2023-08-09,milk price,40.6
2023-08-10,milk price,45.0
2023-08-11,milk price,46.0
2023-08-12,milk price,42.2
2023-08-13,milk price,46.0
2023-08-14,milk price,47.5
2023-08-15,milk price,36.2
2023-08-16,milk price,47.9
2023-08-17,milk price,47.7
2023-08-18,milk price,38.5
2023-08-19,milk price,39.8
2023-08-20,milk price,58.2
2023-08-21,milk price,51.7
2023-08-22,milk price,44.6
2023-08-23,milk price,57.6
2023-08-24,milk price,44.4
2023-08-25,milk price,42.1
2023-08-26,milk price,43.1
2023-08-27,milk price,47.9
2023-08-28,milk price,48.7
2023-08-29,milk price,34.2
2023-08-30,milk price,47.6
2023-08-31,milk price,43.2
2023-09-01,milk price,45.7
2023-09-02,milk price,46.8
2023-09-03,milk price,47.1
2023-09-04,milk price,49.7
2023-09-05,milk price,45.6
2023-09-06,milk price,42.7
2023-09-07,milk price,42.0
2023-09-08,milk price,48.0
2023-09-09,milk price,53.5
2023-09-10,milk price,35.9
2023-09-11,milk price,46.9
2023-09-12,milk price,54.5
2023-09-13,milk price,43.3
2023-09-14,milk price,43.2
2023-09-15,milk price,51.5
2023-09-16,milk price,45.3
2023-09-17,milk price,44.5
2023-09-18,milk price,42.6
2023-09-19,milk price,52.9
2023-09-20,milk price,56.4
2023-09-21,milk price,52.1
2023-09-22,milk price,46.9
2023-09-23,milk price,56.1
2023-09-24,milk price,54.3
2023-09-25,milk price,60.2
2023-09-26,milk price,53.2
2023-09-27,milk price,44.0
2023-09-28,milk price,45.0
2023-09-29,milk price,57.0
2023-09-30,milk price,48.7
2023-10-01,milk price,50.5
2023-10-02,milk price,53.4
2023-10-03,milk price,46.9
2023-10-04,milk price,56.8
2023-10-05,milk price,40.3
2023-10-06,milk price,51.1
2023-10-07,milk price,51.2
2023-10-08,milk price,51.1
2023-10-09,milk price,49.9
2023-10-10,milk price,53.4
2023-10-11,milk price,45.8
2023-10-12,milk price,47.7
2023-10-13,milk price,45.6
2023-10-14,milk price,47.6
2023-10-15,milk price,50.5
2023-10-16,milk price,46.4
2023-10-17,milk price,45.1
2023-10-18,milk price,49.4
2023-10-19,milk price,47.6
2023-10-20,milk price,44.0
2023-10-21,milk price,47.2
2023-10-22,milk price,55.4
2023-10-23,milk price,59.6
2023-10-24,milk price,55.4
2023-10-25,milk price,54.2
2023-10-26,milk price,60.7
2023-10-27,milk price,46.1
2023-10-28,milk price,52.2
2023-10-29,milk price,52.6
2023-10-30,milk price,52.2
2023-10-31,milk price,55.0
2023-11-01,milk price,49.2
2023-11-02,milk price,54.5
2023-11-03,milk price,43.5
2023-11-04,milk price,51.1
2023-11-05,milk price,60.6
2023-11-06,milk price,65.5
2023-11-07,milk price,54.7
2023-11-08,milk price,54.7
2023-11-09,milk price,70.5
2023-11-10,milk price,46.0
2023-11-11,milk price,51.0
2023-11-12,milk price,52.8
2023-11-13,milk price,55.2
2023-11-14,milk price,57.1
2023-11-15,milk price,54.7
2023-11-16,milk price,51.6
2023-11-17,milk price,47.1
2023-11-18,milk price,58.8
2023-11-19,milk price,49.0
2023-11-20,milk price,59.5
2023-11-21,milk price,61.5
2023-11-22,milk price,52.8
2023-11-23,milk price,68.1
2023-11-24,milk price,63.4
2023-11-25,milk price,51.0
2023-11-26,milk price,56.7
2023-11-27,milk price,59.6
2023-11-28,milk price,63.4
2023-11-29,milk price,54.8
2023-11-30,milk price,58.1
2023-12-01,milk price,51.8
2023-12-02,milk price,61.4
2023-12-03,milk price,54.5
2023-12-04,milk price,58.5
2023-12-05,milk price,65.7
2023-12-06,milk price,63.2
2023-12-07,milk price,67.0
2023-12-08,milk price,53.9
2023-12-09,milk price,61.1
2023-12-10,milk price,68.1
2023-12-11,milk price,55.2
2023-12-12,milk price,60.1
2023-12-13,milk price,62.0
2023-12-14,milk price,66.7
2023-12-15,milk price,55.6
2023-12-16,milk price,66.2
2023-12-17,milk price,57.3
2023-12-18,milk price,62.4
2023-12-19,milk price,61.5
2023-12-20,milk price,64.4
2023-12-21,milk price,64.4
2023-12-22,milk price,58.0
2023-12-23,milk price,55.9
2023-12-24,milk price,64.7
2023-12-25,milk price,70.0
2023-12-26,milk price,61.5
2023-12-27,milk price,57.2
2023-12-28,milk price,53.3
2023-12-29,milk price,51.4
2023-12-30,milk price,62.2
2023-12-31,milk price,64.0
